Date,Open ,High ,Low ,Close,Prev. Close ,Change ,% Change
04-Jan-2010,23.35,24.95,23.35,23.73,23.35,0.38,1.63
05-Jan-2010,23.73,23.73,22.08,22.21,23.73,-1.52,-6.41
06-Jan-2010,21.73,22.57,21.73,22.1,22.21,-0.11,-0.5
07-Jan-2010,21.27,22.92,21.25,22.29,22.1,0.19,0.86
08-Jan-2010,20.64,22.71,20.64,22.41,22.29,0.12,0.54
11-Jan-2010,22.25,22.83,22.15,22.45,22.41,0.04,0.18
12-Jan-2010,22.45,23.19,22.24,22.96,22.45,0.51,2.27
13-Jan-2010,21.13,23.11,21.13,21.96,22.96,-1,-4.36
14-Jan-2010,19.5,21.83,19.5,20.89,21.96,-1.07,-4.87
15-Jan-2010,20.11,21.36,20.11,21.06,20.89,0.17,0.81
18-Jan-2010,19.4,22.13,19.4,21.64,21.06,0.58,2.75
19-Jan-2010,20.33,22.36,20.33,22.01,21.64,0.37,1.71
20-Jan-2010,19.79,22.83,19.79,22.25,22.01,0.24,1.09
21-Jan-2010,20.94,24.89,20.94,24.17,22.25,1.92,8.63
22-Jan-2010,24.17,26.7,24.17,25.4,24.17,1.23,5.09
25-Jan-2010,25.25,26.45,25.04,25.81,25.4,0.41,1.61
27-Jan-2010,24.71,29.23,24.71,29.2,25.81,3.39,13.13
28-Jan-2010,26.55,29.23,26.55,26.93,29.2,-2.27,-7.77
29-Jan-2010,27.1,28.54,25.72,26.65,26.93,-0.28,-1.04
01-Feb-2010,23.35,27.3,23.35,26.17,26.65,-0.48,-1.8
02-Feb-2010,23.94,27.43,23.94,26.05,26.17,-0.12,-0.46
03-Feb-2010,25.79,27.05,25.39,26.23,26.05,0.18,0.69
04-Feb-2010,23.63,27.49,23.63,26.56,26.23,0.33,1.26
05-Feb-2010,26.56,31.16,26.56,29.96,26.56,3.4,12.8
06-Feb-2010,29.96,29.96,28.05,29.18,29.96,-0.78,-2.6
08-Feb-2010,29.18,31.74,29.18,31.33,29.18,2.15,7.37
09-Feb-2010,30.24,30.61,29.61,29.91,31.33,-1.42,-4.53
10-Feb-2010,28.37,30.79,28.37,30.61,29.91,0.7,2.34
11-Feb-2010,27.29,29.73,27.29,29.14,30.61,-1.47,-4.8
15-Feb-2010,29.34,30.56,29.18,29.67,29.14,0.53,1.82
16-Feb-2010,27.73,29.73,27.73,28.92,29.67,-0.75,-2.53
17-Feb-2010,26.49,28.61,26.49,27.75,28.92,-1.17,-4.05
18-Feb-2010,26.49,28.57,26.49,28.42,27.75,0.67,2.41
19-Feb-2010,26.68,30.62,26.68,30.45,28.42,2.03,7.14
22-Feb-2010,28.19,31.82,28.19,31.8,30.45,1.35,4.43
23-Feb-2010,31.27,32.13,30.89,31.09,31.8,-0.71,-2.23
24-Feb-2010,29.13,31.32,29.13,30.55,31.09,-0.54,-1.74
25-Feb-2010,30.55,30.6,28.84,29.71,30.55,-0.84,-2.75
26-Feb-2010,29.71,29.86,23.38,25.24,29.71,-4.47,-15.05
02-Mar-2010,23.27,23.66,21.99,22.82,25.24,-2.42,-9.59
03-Mar-2010,20.83,21.83,20.8,21.3,22.82,-1.52,-6.66
04-Mar-2010,20.3,21.65,20.3,21.24,21.3,-0.06,-0.28
05-Mar-2010,19.48,21.43,19.48,21,21.24,-0.24,-1.13
08-Mar-2010,19.81,21.21,19.81,20.82,21,-0.18,-0.86
09-Mar-2010,20.44,21.18,20.4,20.96,20.82,0.14,0.67
10-Mar-2010,18.41,20.77,18.41,20.25,20.96,-0.71,-3.39
11-Mar-2010,18.55,20.64,18.55,20.53,20.25,0.28,1.38
12-Mar-2010,18.48,20.4,18.48,19.82,20.53,-0.71,-3.46
15-Mar-2010,19.15,20.93,19.15,20.43,19.82,0.61,3.08
16-Mar-2010,18.74,20.27,18.74,20.17,20.43,-0.26,-1.27
17-Mar-2010,17.86,19.57,17.86,19.04,20.17,-1.13,-5.6
18-Mar-2010,17.96,19.7,17.96,19.26,19.04,0.22,1.16
19-Mar-2010,18.08,19.39,18.08,18.94,19.26,-0.32,-1.66
22-Mar-2010,18.94,20.31,18,20.21,18.94,1.27,6.71
23-Mar-2010,20.21,20.4,18.33,18.42,20.21,-1.79,-8.86
25-Mar-2010,18.42,19.26,17.24,17.84,18.42,-0.58,-3.15
26-Mar-2010,17.84,18.32,16.63,18.23,17.84,0.39,2.19
29-Mar-2010,18.16,19.9,18.16,19.48,18.23,1.25,6.86
30-Mar-2010,18.28,19.9,18.28,19.9,19.48,0.42,2.16
31-Mar-2010,19.9,20.06,18.94,19.83,19.9,-0.07,-0.35
01-Apr-2010,18.81,19.42,17.49,18.09,19.83,-1.74,-8.77
05-Apr-2010,17.43,18.28,16.94,17.5,18.09,-0.59,-3.26
06-Apr-2010,17.5,17.52,16.47,17.3,17.5,-0.2,-1.14
07-Apr-2010,17.3,17.79,16.63,17.5,17.3,0.2,1.16
08-Apr-2010,16.68,19.81,16.54,19.58,17.5,2.08,11.89
09-Apr-2010,18.06,18.85,18.03,18.6,19.58,-0.98,-5.01
12-Apr-2010,17.29,20.59,17.29,19.97,18.6,1.37,7.37
13-Apr-2010,18.96,20.39,18.96,20.1,19.97,0.13,0.65
15-Apr-2010,17.76,21.58,17.76,21.43,20.1,1.33,6.62
16-Apr-2010,20.43,22.04,20.43,21.63,21.43,0.2,0.93
19-Apr-2010,21.63,23.27,21.19,22.72,21.63,1.09,5.04
20-Apr-2010,22.72,22.72,20.81,20.82,22.72,-1.9,-8.36
21-Apr-2010,18.9,20.39,18.9,19.78,20.82,-1.04,-5
22-Apr-2010,19.9,21.16,19.31,20.53,19.78,0.75,3.79
23-Apr-2010,19.1,20.91,19.08,20.35,20.53,-0.18,-0.88
26-Apr-2010,19,20.66,18.94,19.82,20.35,-0.53,-2.6
27-Apr-2010,19.82,20.09,19.64,19.82,19.82,0,0
28-Apr-2010,19.82,23.12,18.92,22.73,19.82,2.91,14.68
29-Apr-2010,22.73,22.73,20.05,21.09,22.73,-1.64,-7.22
30-Apr-2010,18.94,20.77,18.94,20.29,21.09,-0.8,-3.79
03-May-2010,20.56,22.46,20.56,22.11,20.29,1.82,8.97
04-May-2010,20.95,23.83,20.95,23.7,22.11,1.59,7.19
05-May-2010,23.7,25.31,22.13,24.85,23.7,1.15,4.85
06-May-2010,21.73,26.23,21.73,24.23,24.85,-0.62,-2.49
07-May-2010,24.23,27.88,22.76,27.31,24.23,3.08,12.71
10-May-2010,27.31,27.31,23.69,25.62,27.31,-1.69,-6.19
11-May-2010,25.62,25.72,22.14,25.59,25.62,-0.03,-0.12
12-May-2010,22.93,26.86,22.93,25.69,25.59,0.1,0.39
13-May-2010,22.44,25.3,22.44,24.54,25.69,-1.15,-4.48
14-May-2010,23.73,26.41,23.73,26.18,24.54,1.64,6.68
17-May-2010,25.27,29.1,25.27,26.93,26.18,0.75,2.86
18-May-2010,24.48,27.44,24.48,26.43,26.93,-0.5,-1.86
19-May-2010,24.88,31.28,24.88,29.99,26.43,3.56,13.47
20-May-2010,29.22,30.89,27.37,30.04,29.99,0.05,0.17
21-May-2010,27.01,31.9,27.01,31.27,30.04,1.23,4.09
24-May-2010,31.27,31.37,28.42,30.84,31.27,-0.43,-1.38
25-May-2010,30.84,35.75,29.14,34.37,30.84,3.53,11.45
26-May-2010,34.37,34.37,31.29,32.29,34.37,-2.08,-6.05
27-May-2010,32.29,32.29,28.98,29.62,32.29,-2.67,-8.27
28-May-2010,29.62,29.62,26.22,26.22,29.62,-3.4,-11.48
31-May-2010,26.67,27.48,26.2,26.43,26.22,0.21,0.8
01-Jun-2010,26.07,29.3,26.07,28.6,26.43,2.17,8.21
02-Jun-2010,27.88,29.2,27.8,28.06,28.6,-0.54,-1.89
03-Jun-2010,25.99,26.38,25.19,25.4,28.06,-2.66,-9.48
04-Jun-2010,25.45,25.63,24.25,25.02,25.4,-0.38,-1.5
07-Jun-2010,25.02,28.36,25.02,28.27,25.02,3.25,12.99
08-Jun-2010,27.23,29.29,27.14,28.79,28.27,0.52,1.84
09-Jun-2010,28.15,28.64,27.51,28.09,28.79,-0.7,-2.43
10-Jun-2010,27.81,27.96,26.43,26.73,28.09,-1.36,-4.84
11-Jun-2010,25.15,25.56,24.75,25.06,26.73,-1.67,-6.25
14-Jun-2010,24.79,24.79,22.88,23.23,25.06,-1.83,-7.3
15-Jun-2010,22.97,23.25,21.63,21.95,23.23,-1.28,-5.51
16-Jun-2010,20.58,22.63,20.58,22.22,21.95,0.27,1.23
17-Jun-2010,20.78,22.49,20.78,21.66,22.22,-0.56,-2.52
18-Jun-2010,19.7,21.04,19.7,20.52,21.66,-1.14,-5.26
21-Jun-2010,18.52,20.21,18.52,19.91,20.52,-0.61,-2.97
22-Jun-2010,19.91,21.32,19.86,20.58,19.91,0.67,3.37
23-Jun-2010,21.27,21.86,20.3,20.3,20.58,-0.28,-1.36
24-Jun-2010,20.3,21.6,19.3,19.81,20.3,-0.49,-2.41
25-Jun-2010,19.81,20.86,19.49,20.19,19.81,0.38,1.92
28-Jun-2010,20.37,20.89,19.54,19.71,20.19,-0.48,-2.38
29-Jun-2010,19.69,21.58,19.69,20.68,19.71,0.97,4.92
30-Jun-2010,21.22,21.78,20.06,21.11,20.68,0.43,2.08
01-Jul-2010,21.53,21.95,20.3,21.74,21.11,0.63,2.98
02-Jul-2010,21.74,21.91,20.71,21.89,21.74,0.15,0.69
05-Jul-2010,21.89,22.58,21.86,21.98,21.89,0.09,0.41
06-Jul-2010,21.98,22.33,20.75,20.9,21.98,-1.08,-4.91
07-Jul-2010,20.9,22.41,20.47,22.11,20.9,1.21,5.79
08-Jul-2010,22.11,22.11,20.63,21.15,22.11,-0.96,-4.34
09-Jul-2010,21.15,21.15,19.84,20.22,21.15,-0.93,-4.4
12-Jul-2010,18.75,20.41,18.58,19.9,20.22,-0.32,-1.58
13-Jul-2010,19.89,20.29,19.06,19.12,19.9,-0.78,-3.92
14-Jul-2010,18.16,20.2,18.07,20.07,19.12,0.95,4.97
15-Jul-2010,19.98,20.47,18.82,20.11,20.07,0.04,0.2
16-Jul-2010,20.11,20.42,18.75,19.7,20.11,-0.41,-2.04
19-Jul-2010,19.7,20.87,19.36,20.71,19.7,1.01,5.13
20-Jul-2010,20.71,20.71,19.61,20.38,20.71,-0.33,-1.59
21-Jul-2010,20.38,20.38,18.82,20,20.38,-0.38,-1.86
22-Jul-2010,20,20.37,18.68,18.9,20,-1.1,-5.5
23-Jul-2010,18.9,19.72,17.14,19.24,18.9,0.34,1.8
26-Jul-2010,19.24,20.05,18.62,19.97,19.24,0.73,3.79
27-Jul-2010,19.97,20.16,18.96,19.22,19.97,-0.75,-3.76
28-Jul-2010,19.22,19.81,17.96,19.52,19.22,0.3,1.56
29-Jul-2010,19.52,19.65,18.33,18.33,19.52,-1.19,-6.1
30-Jul-2010,18.33,19.23,16.25,18.94,18.33,0.61,3.33
02-Aug-2010,18.94,19.26,17.92,17.99,18.94,-0.95,-5.02
03-Aug-2010,17.99,18.26,16.78,17.55,17.99,-0.44,-2.45
04-Aug-2010,17.55,17.64,16.74,17.04,17.55,-0.51,-2.91
05-Aug-2010,17.04,17.72,15.83,17.71,17.04,0.67,3.93
06-Aug-2010,17.71,17.71,16.63,17.37,17.71,-0.34,-1.92
09-Aug-2010,17.37,17.92,16.87,17,17.37,-0.37,-2.13
10-Aug-2010,17,17.75,16.37,17.33,17,0.33,1.94
11-Aug-2010,17.33,18.11,16.39,18.11,17.33,0.78,4.5
12-Aug-2010,18.11,18.71,16.74,18,18.11,-0.11,-0.61
13-Aug-2010,18,18,15.87,16.74,18,-1.26,-7
16-Aug-2010,16.74,18.32,15.8,18.11,16.74,1.37,8.18
17-Aug-2010,18.11,18.11,16.25,17.63,18.11,-0.48,-2.65
18-Aug-2010,17.63,17.76,15.42,16.4,17.63,-1.23,-6.98
19-Aug-2010,16.4,17.02,15.47,16.53,16.4,0.13,0.79
20-Aug-2010,16.53,16.87,15.29,16.7,16.53,0.17,1.03
23-Aug-2010,16.7,17.3,15.44,17.14,16.7,0.44,2.63
24-Aug-2010,17.14,17.8,15.58,16.99,17.14,-0.15,-0.88
25-Aug-2010,16.99,19.35,15.4,18.92,16.99,1.93,11.36
26-Aug-2010,18.92,18.92,16.9,17.09,18.92,-1.83,-9.67
27-Aug-2010,17.09,19.63,15.28,19.63,17.09,2.54,14.86
30-Aug-2010,19.63,19.63,16.6,18.36,19.63,-1.27,-6.47
31-Aug-2010,18.36,19.42,17.59,18.47,18.36,0.11,0.6
01-Sep-2010,18.47,18.47,16.66,16.7,18.47,-1.77,-9.58
02-Sep-2010,16.7,16.7,15.13,16.15,16.7,-0.55,-3.29
03-Sep-2010,16.15,16.44,15.23,15.86,16.15,-0.29,-1.8
06-Sep-2010,15.86,16.11,15.09,15.22,15.86,-0.64,-4.04
07-Sep-2010,15.22,16,14.35,15.83,15.22,0.61,4.01
08-Sep-2010,15.83,16.32,15.16,15.97,15.83,0.14,0.88
09-Sep-2010,15.97,16.2,14.94,15.92,15.97,-0.05,-0.31
13-Sep-2010,15.92,18.23,14.88,18.14,15.92,2.22,13.94
14-Sep-2010,18.14,20.63,16.88,18.6,18.14,0.46,2.54
15-Sep-2010,18.6,20.08,17.54,19.43,18.6,0.83,4.46
16-Sep-2010,19.43,20.09,17.97,18.85,19.43,-0.58,-2.99
17-Sep-2010,18.85,19.49,16.51,19.49,18.85,0.64,3.4
20-Sep-2010,19.49,21.97,17.85,21.95,19.49,2.46,12.62
21-Sep-2010,21.95,24.3,20.94,22.63,21.95,0.68,3.1
22-Sep-2010,22.63,24.35,20.61,24.29,22.63,1.66,7.34
23-Sep-2010,24.29,24.46,20.71,23.9,24.29,-0.39,-1.61
24-Sep-2010,23.9,23.9,21.58,21.71,23.9,-2.19,-9.16
27-Sep-2010,21.71,22.82,20.47,22.36,21.71,0.65,2.99
28-Sep-2010,22.36,22.42,20.85,21.21,22.36,-1.15,-5.14
29-Sep-2010,21.21,22.57,18.8,22.16,21.21,0.95,4.48
30-Sep-2010,22.16,22.95,19.05,22.25,22.16,0.09,0.41
01-Oct-2010,22.25,22.25,20.21,21.43,22.25,-0.82,-3.69
04-Oct-2010,21.43,22.88,21.43,22.8,21.43,1.37,6.39
05-Oct-2010,22.8,23.01,21.81,22.17,22.8,-0.63,-2.76
06-Oct-2010,22.17,22.17,20.59,21.73,22.17,-0.44,-1.98
07-Oct-2010,21.73,22.78,19.33,22.45,21.73,0.72,3.31
08-Oct-2010,22.45,22.45,21.03,21.4,22.45,-1.05,-4.68
11-Oct-2010,21.4,21.76,19.67,21.2,21.4,-0.2,-0.93
12-Oct-2010,21.2,22.22,20.5,20.51,21.2,-0.69,-3.25
13-Oct-2010,20.51,20.51,19.01,20.02,20.51,-0.49,-2.39
14-Oct-2010,20.02,20.99,18.14,20.6,20.02,0.58,2.9
15-Oct-2010,20.6,22.67,17.8,22.65,20.6,2.05,9.95
18-Oct-2010,22.65,23.99,21.97,22.35,22.65,-0.3,-1.32
19-Oct-2010,22.35,23.23,20.58,23.23,22.35,0.88,3.94
20-Oct-2010,23.23,23.86,21.92,23.8,23.23,0.57,2.45
21-Oct-2010,23.8,23.8,21.92,22.19,23.8,-1.61,-6.76
22-Oct-2010,22.19,22.44,20.42,21.61,22.19,-0.58,-2.61
25-Oct-2010,21.61,22.04,20.67,21.36,21.61,-0.25,-1.16
26-Oct-2010,21.36,21.6,18.47,20.55,21.36,-0.81,-3.79
27-Oct-2010,20.55,21.76,20.09,21.02,20.55,0.47,2.29
28-Oct-2010,21.02,21.22,20.28,20.52,21.02,-0.5,-2.38
29-Oct-2010,20.52,22,20.03,20.76,20.52,0.24,1.17
01-Nov-2010,20.76,21.19,20.31,20.92,20.76,0.16,0.77
02-Nov-2010,20.92,21.86,19.43,21.25,20.92,0.33,1.58
03-Nov-2010,21.25,21.66,19.23,21.53,21.25,0.28,1.32
04-Nov-2010,21.53,21.53,19.26,19.36,21.53,-2.17,-10.08
05-Nov-2010,19.36,19.43,17.71,19.22,19.36,-0.14,-0.72
08-Nov-2010,19.22,20.12,17.49,19.61,19.22,0.39,2.03
09-Nov-2010,19.61,19.78,17.17,18.75,19.61,-0.86,-4.39
10-Nov-2010,18.75,19.26,16.45,19.08,18.75,0.33,1.76
11-Nov-2010,19.08,19.91,16.38,19.36,19.08,0.28,1.47
12-Nov-2010,19.36,22.41,17.63,21.63,19.36,2.27,11.73
15-Nov-2010,21.63,22.48,19.26,20.25,21.63,-1.38,-6.38
16-Nov-2010,20.25,22.42,17.52,21.13,20.25,0.88,4.35
18-Nov-2010,21.13,22.82,17.59,20.62,21.13,-0.51,-2.41
19-Nov-2010,20.62,21.91,18.41,21.6,20.62,0.98,4.75
22-Nov-2010,21.6,21.85,19.44,19.93,21.6,-1.67,-7.73
23-Nov-2010,19.93,24.95,19.4,23.26,19.93,3.33,16.71
24-Nov-2010,23.26,24.95,20.95,24.68,23.26,1.42,6.1
25-Nov-2010,24.68,24.68,21.12,21.63,24.68,-3.05,-12.36
26-Nov-2010,21.63,23.84,20.1,22.58,21.63,0.95,4.39
29-Nov-2010,22.58,22.89,21.31,21.31,22.58,-1.27,-5.62
30-Nov-2010,21.31,22.22,20.64,20.71,21.31,-0.6,-2.82
01-Dec-2010,20.71,20.71,19.08,19.2,20.71,-1.51,-7.29
02-Dec-2010,19.2,19.51,17.56,18.8,19.2,-0.4,-2.08
03-Dec-2010,18.8,19.28,17.14,18.6,18.8,-0.2,-1.06
06-Dec-2010,18.6,19.37,17.46,19.37,18.6,0.77,4.14
07-Dec-2010,19.37,19.79,17.75,19.24,19.37,-0.13,-0.67
08-Dec-2010,19.24,20.95,18.21,20.43,19.24,1.19,6.19
09-Dec-2010,20.43,23.01,18.22,22.6,20.43,2.17,10.62
10-Dec-2010,22.6,22.86,21.43,21.63,22.6,-0.97,-4.29
13-Dec-2010,21.63,23.72,20.14,22.57,21.63,0.94,4.35
14-Dec-2010,22.57,22.83,21.29,21.46,22.57,-1.11,-4.92
15-Dec-2010,21.46,22.09,20.67,21.42,21.46,-0.04,-0.19
16-Dec-2010,21.42,21.6,19.94,20.24,21.42,-1.18,-5.51
20-Dec-2010,20.24,21.88,20.24,20.78,20.24,0.54,2.67
21-Dec-2010,20.78,20.78,18.75,19.77,20.78,-1.01,-4.86
22-Dec-2010,19.77,20.06,18.67,19.56,19.77,-0.21,-1.06
23-Dec-2010,19.56,19.78,18.81,19.03,19.56,-0.53,-2.71
24-Dec-2010,19.03,19.31,17.62,17.65,19.03,-1.38,-7.25
27-Dec-2010,17.65,18.69,17.05,18.45,17.65,0.8,4.53
28-Dec-2010,18.45,18.83,17.89,18.13,18.45,-0.32,-1.73
29-Dec-2010,18.13,18.32,17.13,17.13,18.13,-1,-5.52
30-Dec-2010,17.13,17.98,16.48,17.02,17.13,-0.11,-0.64
31-Dec-2010,17.02,17.05,16.34,16.56,17.02,-0.46,-2.7
03-Jan-2011,16.56,17.1,15.28,16.99,16.56,0.43,2.6
04-Jan-2011,16.99,17.52,15.76,17.03,16.99,0.04,0.24
05-Jan-2011,17.03,18.43,16.8,17.88,17.03,0.85,4.99
06-Jan-2011,17.88,18.87,16.69,18.2,17.88,0.32,1.79
07-Jan-2011,18.2,20.87,17.64,20.82,18.2,2.62,14.4
10-Jan-2011,20.82,23.24,19.61,23.16,20.82,2.34,11.24
11-Jan-2011,23.16,24.11,21.73,22.33,23.16,-0.83,-3.58
12-Jan-2011,22.33,23.76,20.44,21.41,22.33,-0.92,-4.12
13-Jan-2011,21.41,23.49,21.15,23.15,21.41,1.74,8.13
14-Jan-2011,23.15,24.06,20.99,23.81,23.15,0.66,2.85
17-Jan-2011,23.81,25.52,23.57,23.57,23.81,-0.24,-1.01
18-Jan-2011,23.57,23.64,21.44,21.46,23.57,-2.11,-8.95
19-Jan-2011,21.46,21.84,20.6,21.09,21.46,-0.37,-1.72
20-Jan-2011,21.09,21.77,20.06,21.01,21.09,-0.08,-0.38
21-Jan-2011,21.01,21.49,19.06,21.03,21.01,0.02,0.1
24-Jan-2011,21.03,21.14,20.1,20.17,21.03,-0.86,-4.09
25-Jan-2011,20.17,21.1,18.93,20.78,20.17,0.61,3.02
27-Jan-2011,20.78,22.27,19.08,22.09,20.78,1.31,6.3
28-Jan-2011,22.09,23.79,21.74,22.58,22.09,0.49,2.22
31-Jan-2011,22.58,24.67,22.58,23.41,22.58,0.83,3.68
01-Feb-2011,23.41,24.69,21.67,23.73,23.41,0.32,1.37
02-Feb-2011,23.73,23.73,21.65,23.52,23.73,-0.21,-0.88
03-Feb-2011,23.52,23.54,22.46,22.69,23.52,-0.83,-3.53
04-Feb-2011,22.69,24.77,21.96,24.41,22.69,1.72,7.58
07-Feb-2011,24.41,25.44,23.59,24.69,24.41,0.28,1.15
08-Feb-2011,24.69,25.32,23.17,24.74,24.69,0.05,0.2
09-Feb-2011,24.74,26.03,24.53,25.24,24.74,0.5,2.02
10-Feb-2011,25.24,26.11,23.92,24.82,25.24,-0.42,-1.66
11-Feb-2011,24.82,24.84,21.86,23.47,24.82,-1.35,-5.44
14-Feb-2011,23.47,23.69,21.56,22.58,23.47,-0.89,-3.79
15-Feb-2011,22.58,23.43,20.76,22.85,22.58,0.27,1.2
16-Feb-2011,22.85,23.59,21.7,23.05,22.85,0.2,0.88
17-Feb-2011,23.05,23.41,22.04,22.57,23.05,-0.48,-2.08
18-Feb-2011,22.57,24.52,20.38,24.18,22.57,1.61,7.13
21-Feb-2011,24.18,26.27,23.65,24.91,24.18,0.73,3.02
22-Feb-2011,24.91,28.13,24.91,26.85,24.91,1.94,7.79
23-Feb-2011,26.85,27.24,26.17,26.55,26.85,-0.3,-1.12
24-Feb-2011,26.55,28.9,26.39,28.2,26.55,1.65,6.21
25-Feb-2011,28.2,29.05,27.19,27.27,28.2,-0.93,-3.3
28-Feb-2011,27.27,27.88,22.37,24.4,27.27,-2.87,-10.52
01-Mar-2011,24.4,24.4,22.22,22.22,24.4,-2.18,-8.93
03-Mar-2011,22.22,23.84,22.07,22.96,22.22,0.74,3.33
04-Mar-2011,22.96,23.51,21.83,22.91,22.96,-0.05,-0.22
07-Mar-2011,22.91,26.12,22.91,25.22,22.91,2.31,10.08
08-Mar-2011,25.22,25.22,23.63,23.67,25.22,-1.55,-6.15
09-Mar-2011,23.67,24.23,22.46,23.28,23.67,-0.39,-1.65
10-Mar-2011,23.28,24.17,22.63,23.53,23.28,0.25,1.07
11-Mar-2011,23.53,25.22,22.87,24.13,23.53,0.6,2.55
14-Mar-2011,24.13,24.64,23.07,23.3,24.13,-0.83,-3.44
15-Mar-2011,23.3,27.52,23.3,26.63,23.3,3.33,14.29
16-Mar-2011,26.63,26.63,24.14,24.89,26.63,-1.74,-6.53
17-Mar-2011,24.89,26.11,23.47,25.26,24.89,0.37,1.49
18-Mar-2011,25.26,26.6,23.27,25.89,25.26,0.63,2.49
21-Mar-2011,25.89,26.59,23.69,25.21,25.89,-0.68,-2.63
22-Mar-2011,25.21,25.21,22.18,22.26,25.21,-2.95,-11.7
23-Mar-2011,22.26,22.37,20.97,20.97,22.26,-1.29,-5.8
24-Mar-2011,20.97,20.97,18.83,19.84,20.97,-1.13,-5.39
25-Mar-2011,19.84,20.68,19,20.47,19.84,0.63,3.18
28-Mar-2011,20.47,21.87,20.24,21.02,20.47,0.55,2.69
29-Mar-2011,21.02,22.19,20.37,21.22,21.02,0.2,0.95
30-Mar-2011,21.22,22.14,19.95,22.04,21.22,0.82,3.86
31-Mar-2011,22.04,22.98,21.13,22.18,22.04,0.14,0.64
01-Apr-2011,22.18,22.18,20.1,20.11,22.18,-2.07,-9.33
04-Apr-2011,20.11,21.06,19.9,20.06,20.11,-0.05,-0.25
05-Apr-2011,20.06,20.72,18.84,19.9,20.06,-0.16,-0.8
06-Apr-2011,19.9,20.54,19.42,20.36,19.9,0.46,2.31
07-Apr-2011,20.36,20.79,19.97,20.32,20.36,-0.04,-0.2
08-Apr-2011,20.32,21.06,19.24,20.54,20.32,0.22,1.08
11-Apr-2011,20.54,21.63,20.36,21.24,20.54,0.7,3.41
13-Apr-2011,21.24,21.29,20.28,20.41,21.24,-0.83,-3.91
15-Apr-2011,20.41,22.4,19.54,21.59,20.41,1.18,5.78
18-Apr-2011,21.59,22.99,21.14,22.45,21.59,0.86,3.98
19-Apr-2011,22.45,23.04,21.5,22.07,22.45,-0.38,-1.69
20-Apr-2011,22.07,22.07,20.79,20.99,22.07,-1.08,-4.89
21-Apr-2011,20.99,20.99,19.86,20.51,20.99,-0.48,-2.29
25-Apr-2011,20.51,21.62,20.41,20.91,20.51,0.4,1.95
26-Apr-2011,20.91,22.42,20.88,21.71,20.91,0.8,3.83
27-Apr-2011,21.71,21.89,20.72,21.35,21.71,-0.36,-1.66
28-Apr-2011,21.35,21.65,20.25,20.92,21.35,-0.43,-2.01
29-Apr-2011,20.92,20.92,18.45,19.58,20.92,-1.34,-6.41
02-May-2011,19.58,21.13,19.58,20.88,19.58,1.3,6.64
03-May-2011,20.88,21.94,20.35,21.58,20.88,0.7,3.35
04-May-2011,21.58,21.81,20.58,21.18,21.58,-0.4,-1.85
05-May-2011,21.18,21.7,19.88,21.6,21.18,0.42,1.98
06-May-2011,21.6,21.6,19.36,20.97,21.6,-0.63,-2.92
09-May-2011,20.97,21.95,19.92,21.5,20.97,0.53,2.53
10-May-2011,21.5,21.91,20.19,21.74,21.5,0.24,1.12
11-May-2011,21.74,21.74,19.89,21.24,21.74,-0.5,-2.3
12-May-2011,21.24,21.45,19.83,21.23,21.24,-0.01,-0.05
13-May-2011,21.23,21.23,19.4,20.63,21.23,-0.6,-2.83
16-May-2011,20.63,21.97,19.9,21.46,20.63,0.83,4.02
17-May-2011,21.46,21.46,19.76,21.03,21.46,-0.43,-2
18-May-2011,21.03,21.42,19.42,20.71,21.03,-0.32,-1.52
19-May-2011,20.71,20.72,19.13,20.41,20.71,-0.3,-1.45
20-May-2011,20.41,20.41,18.42,19.45,20.41,-0.96,-4.7
23-May-2011,19.45,23.45,18.52,21.04,19.45,1.59,8.17
24-May-2011,21.04,21.36,19.55,19.93,21.04,-1.11,-5.28
25-May-2011,19.93,24.31,19.35,20.66,19.93,0.73,3.66
26-May-2011,20.66,20.85,18.53,19.18,20.66,-1.48,-7.16
27-May-2011,19.18,19.18,17.14,17.25,19.18,-1.93,-10.06
30-May-2011,17.25,18.87,17.25,17.87,17.25,0.62,3.59
31-May-2011,17.87,17.87,16.67,16.82,17.87,-1.05,-5.88
01-Jun-2011,16.82,17.43,16.36,16.73,16.82,-0.09,-0.54
02-Jun-2011,16.73,18.04,16.73,17.98,16.73,1.25,7.47
03-Jun-2011,17.98,18.17,16.99,17.61,17.98,-0.37,-2.06
06-Jun-2011,17.61,18.84,17.59,18.21,17.61,0.6,3.41
07-Jun-2011,18.21,18.58,17.84,18.03,18.21,-0.18,-0.99
08-Jun-2011,18.03,18.72,17.71,18.58,18.03,0.55,3.05
09-Jun-2011,18.58,19,17.8,18.58,18.58,0,0
10-Jun-2011,18.58,19.75,17.55,18.54,18.58,-0.04,-0.22
13-Jun-2011,18.54,19.41,18.23,18.91,18.54,0.37,2
14-Jun-2011,18.91,18.91,17.53,18.51,18.91,-0.4,-2.12
15-Jun-2011,18.51,19.22,17.9,19.14,18.51,0.63,3.4
16-Jun-2011,19.14,19.86,18.34,19.66,19.14,0.52,2.72
17-Jun-2011,19.66,20.28,18.6,20.27,19.66,0.61,3.1
20-Jun-2011,20.27,24.38,19.78,22.18,20.27,1.91,9.42
21-Jun-2011,22.18,22.18,20.93,21.31,22.18,-0.87,-3.92
22-Jun-2011,21.31,21.31,20.24,20.89,21.31,-0.42,-1.97
23-Jun-2011,20.89,20.95,19.47,19.5,20.89,-1.39,-6.65
24-Jun-2011,19.5,19.5,18.25,19.32,19.5,-0.18,-0.92
27-Jun-2011,19.32,20.37,19.21,19.99,19.32,0.67,3.47
28-Jun-2011,19.99,19.99,19.32,19.49,19.99,-0.5,-2.5
29-Jun-2011,19.49,19.54,18.76,19.46,19.49,-0.03,-0.15
30-Jun-2011,19.46,19.46,18.41,18.41,19.46,-1.05,-5.4
01-Jul-2011,18.41,18.43,17.79,18.21,18.41,-0.2,-1.09
04-Jul-2011,18.21,18.71,17.84,18.17,18.21,-0.04,-0.22
05-Jul-2011,18.17,18.52,17.78,18.25,18.17,0.08,0.44
06-Jul-2011,18.25,18.49,18.12,18.34,18.25,0.09,0.49
07-Jul-2011,18.34,18.62,17.35,18.62,18.34,0.28,1.53
08-Jul-2011,18.62,18.79,18.02,18.67,18.62,0.05,0.27
11-Jul-2011,18.67,19.71,18.6,19.69,18.67,1.02,5.46
12-Jul-2011,19.69,21.22,19.41,20.83,19.69,1.14,5.79
13-Jul-2011,20.83,20.83,19.5,19.52,20.83,-1.31,-6.29
14-Jul-2011,19.52,20.29,17.85,19.97,19.52,0.45,2.31
15-Jul-2011,19.97,20.26,19.08,19.95,19.97,-0.02,-0.1
18-Jul-2011,19.95,20.4,19.29,20.2,19.95,0.25,1.25
19-Jul-2011,20.2,20.2,19.08,19.25,20.2,-0.95,-4.7
20-Jul-2011,19.25,19.46,18.48,19.11,19.25,-0.14,-0.73
21-Jul-2011,19.11,19.16,18.64,18.75,19.11,-0.36,-1.88
22-Jul-2011,18.75,18.75,17.27,17.91,18.75,-0.84,-4.48
25-Jul-2011,17.91,19.23,16.55,19.2,17.91,1.29,7.2
26-Jul-2011,19.2,19.59,18.41,19.3,19.2,0.1,0.52
27-Jul-2011,19.3,19.36,18.13,18.25,19.3,-1.05,-5.44
28-Jul-2011,18.25,19.04,18.25,18.51,18.25,0.26,1.42
29-Jul-2011,18.51,19.88,18.39,19.77,18.51,1.26,6.81
01-Aug-2011,19.77,19.77,18.58,18.78,19.77,-0.99,-5.01
02-Aug-2011,18.78,19.51,18.38,19.15,18.78,0.37,1.97
03-Aug-2011,19.15,19.99,18.98,19.48,19.15,0.33,1.72
04-Aug-2011,19.43,20.28,19.26,20.22,19.48,1.07,5.59
05-Aug-2011,20.22,26.4,19.84,24.9,20.22,4.68,23.15
08-Aug-2011,24.9,29.65,24.9,28.78,24.9,3.88,15.58
09-Aug-2011,28.78,37,28.78,34.88,28.78,6.1,21.2
10-Aug-2011,34.88,34.88,26.09,28.95,34.88,-5.93,-17
11-Aug-2011,28.95,29.49,27.4,29.09,28.95,0.14,0.48
12-Aug-2011,29.09,29.09,25.65,27.02,29.09,-2.07,-7.12
16-Aug-2011,27.02,27.13,24.99,26.46,27.02,-0.56,-2.07
17-Aug-2011,26.46,26.46,24.53,25.48,26.46,-0.98,-3.7
18-Aug-2011,25.48,27.87,22.35,27.45,25.48,1.97,7.73
19-Aug-2011,27.45,31.13,25.9,29.19,27.45,1.74,6.34
22-Aug-2011,29.19,30.35,27.03,27.08,29.19,-2.11,-7.23
23-Aug-2011,27.08,29.06,25.23,25.92,27.08,-1.16,-4.28
24-Aug-2011,25.92,29.22,24.93,28.6,25.92,2.68,10.34
25-Aug-2011,28.6,30.34,26.41,27.94,28.6,-0.66,-2.31
26-Aug-2011,27.94,33.26,27.75,33.26,27.94,5.32,19.04
29-Aug-2011,33.26,33.26,25.66,26.07,33.26,-7.19,-21.62
30-Aug-2011,26.07,26.4,24.4,24.88,26.07,-1.19,-4.56
02-Sep-2011,24.88,26.37,24.01,26.09,24.88,1.21,4.86
05-Sep-2011,26.09,28.32,26.09,27.83,26.09,1.74,6.67
06-Sep-2011,27.83,30.5,26.81,28.66,27.83,0.83,2.98
07-Sep-2011,28.66,28.77,27.4,27.86,28.66,-0.8,-2.79
08-Sep-2011,27.86,28.67,26.98,27.64,27.86,-0.22,-0.79
09-Sep-2011,27.64,28.28,26.15,28.15,27.64,0.51,1.85
12-Sep-2011,28.15,32.92,27.31,32.75,28.15,4.6,16.34
13-Sep-2011,32.75,33.71,29.42,32.77,32.75,0.02,0.06
14-Sep-2011,32.77,34.74,31.24,32.45,32.77,-0.32,-0.98
15-Sep-2011,32.45,33.72,29.91,30.79,32.45,-1.66,-5.12
16-Sep-2011,30.79,30.79,28.37,28.45,30.79,-2.34,-7.6
19-Sep-2011,28.45,30.75,27.56,29.6,28.45,1.15,4.04
20-Sep-2011,29.6,29.6,27.01,27.25,29.6,-2.35,-7.94
21-Sep-2011,27.25,28.17,25.99,27.67,27.25,0.42,1.54
22-Sep-2011,27.67,34.92,27.67,33.88,27.67,6.21,22.44
23-Sep-2011,33.88,37.55,33.52,35.16,33.88,1.28,3.78
26-Sep-2011,35.16,38.19,34.47,35.43,35.16,0.27,0.77
27-Sep-2011,35.43,35.43,31.24,32.01,35.43,-3.42,-9.65
28-Sep-2011,32.01,34.11,31.03,32,32.01,-0.01,-0.03
29-Sep-2011,32,32.81,30.5,31.07,32,-0.93,-2.91
30-Sep-2011,31.07,32.52,30.28,31.94,31.07,0.87,2.8
03-Oct-2011,31.94,36.05,31.94,35.07,31.94,3.13,9.8
04-Oct-2011,35.07,39.02,34.79,37.19,35.07,2.12,6.05
05-Oct-2011,37.19,37.19,34.76,35.37,37.19,-1.82,-4.89
07-Oct-2011,35.37,35.37,29.9,33.02,35.37,-2.35,-6.64
10-Oct-2011,33.02,33.71,30.03,30.03,33.02,-2.99,-9.06
11-Oct-2011,30.03,30.95,28.15,30.3,30.03,0.27,0.9
12-Oct-2011,30.3,30.3,28.01,28.41,30.3,-1.89,-6.24
13-Oct-2011,28.41,28.54,27.42,28.24,28.41,-0.17,-0.6
14-Oct-2011,28.24,28.31,25.73,25.98,28.24,-2.26,-8
17-Oct-2011,25.98,26.53,25,25.43,25.98,-0.55,-2.12
18-Oct-2011,25.43,26.59,25.33,25.9,25.43,0.47,1.85
19-Oct-2011,25.9,25.9,23.53,24.05,25.9,-1.85,-7.14
20-Oct-2011,24.05,26.54,19.6,25.6,24.05,1.55,6.44
21-Oct-2011,25.6,26.7,24.39,26.3,25.6,0.7,2.73
24-Oct-2011,26.3,26.3,24.58,25.22,26.3,-1.08,-4.11
25-Oct-2011,25.22,25.22,22,22.31,25.22,-2.91,-11.54
26-Oct-2011,22.31,22.69,22.01,22.69,22.31,0.38,1.7
28-Oct-2011,22.69,22.69,20.57,20.89,22.69,-1.8,-7.93
31-Oct-2011,20.27,22.79,20.27,22.66,20.89,1.77,8.47
01-Nov-2011,20.73,24.6,20.73,24.02,22.66,1.36,6
02-Nov-2011,24.02,24.92,23.57,24.89,24.02,0.87,3.62
03-Nov-2011,24.89,26.18,24.42,24.66,24.89,-0.23,-0.92
04-Nov-2011,21.13,23.88,21.13,23.43,24.66,-1.23,-4.99
08-Nov-2011,20.75,24.74,20.75,23.71,23.43,0.28,1.2
09-Nov-2011,23.71,24.82,20.16,24.3,23.71,0.59,2.49
11-Nov-2011,24.3,25.93,24.27,24.74,24.3,0.44,1.81
14-Nov-2011,24.74,25.47,24,25.29,24.74,0.55,2.22
15-Nov-2011,25.29,26.03,24.43,25.97,25.29,0.68,2.69
16-Nov-2011,25.97,27.22,24.93,25.04,25.97,-0.93,-3.58
17-Nov-2011,25.04,27.27,24.73,26.92,25.04,1.88,7.51
18-Nov-2011,26.92,28.23,26.28,26.58,26.92,-0.34,-1.26
21-Nov-2011,23.07,28.69,23.07,28.61,26.58,2.03,7.64
22-Nov-2011,22.64,28.9,22.64,27.35,28.61,-1.26,-4.4
23-Nov-2011,27.35,32.71,26.98,30.68,27.35,3.33,12.18
24-Nov-2011,24.84,32.52,24.84,27.95,30.68,-2.73,-8.9
25-Nov-2011,27.95,30.13,27.95,29.12,27.95,1.17,4.19
28-Nov-2011,28.63,28.77,26.64,26.64,29.12,-2.48,-8.52
29-Nov-2011,26.64,28.15,26.2,26.87,26.64,0.23,0.86
30-Nov-2011,26.46,27.85,26.15,26.55,26.87,-0.32,-1.19
01-Dec-2011,26.55,26.55,23.37,25.02,26.55,-1.53,-5.76
02-Dec-2011,24.09,24.9,23.38,23.99,25.02,-1.03,-4.12
05-Dec-2011,23.4,25.75,23.4,25.02,23.99,1.03,4.29
07-Dec-2011,24.52,26.58,24.52,26.46,25.02,1.44,5.76
08-Dec-2011,25,29,25,28.58,26.46,2.12,8.01
09-Dec-2011,28.03,29.98,28.03,29.53,28.58,0.95,3.32
12-Dec-2011,27.21,30,27.21,29.27,29.53,-0.26,-0.88
13-Dec-2011,28.47,29.61,28.11,28.11,29.27,-1.16,-3.96
14-Dec-2011,28.08,29.35,28.08,28.79,28.11,0.68,2.42
15-Dec-2011,28.79,30.26,27.98,28.81,28.79,0.02,0.07
16-Dec-2011,27.48,29.69,27.48,29.69,28.81,0.88,3.05
19-Dec-2011,29.69,31.27,29.69,30.58,29.69,0.89,3
20-Dec-2011,30.58,31.02,29.54,30.53,30.58,-0.05,-0.16
21-Dec-2011,28.81,29.88,27.53,27.53,30.53,-3,-9.83
22-Dec-2011,27.31,28.23,26.58,26.84,27.53,-0.69,-2.51
23-Dec-2011,26.84,27.91,25.81,27.39,26.84,0.55,2.05
26-Dec-2011,26.99,27.97,26.31,26.6,27.39,-0.79,-2.88
27-Dec-2011,26.6,27.01,26.03,26.29,26.6,-0.31,-1.17
28-Dec-2011,26.29,27.24,25.94,26.74,26.29,0.45,1.71
29-Dec-2011,26.74,27.55,26.43,26.62,26.74,-0.12,-0.45
30-Dec-2011,26.62,27.79,26.25,27.11,26.62,0.49,1.84
02-Jan-2012,27.11,28.68,27.11,27.53,27.11,0.42,1.55
03-Jan-2012,27.53,27.53,25.99,26.16,27.53,-1.37,-4.98
04-Jan-2012,26.16,26.84,25.6,26.41,26.16,0.25,0.96
05-Jan-2012,26.41,26.6,25.72,25.91,26.41,-0.5,-1.89
06-Jan-2012,25.91,26.44,25.09,25.46,25.91,-0.45,-1.74
07-Jan-2012,25.46,25.76,24.6,25.65,25.46,0.19,0.75
09-Jan-2012,25.65,26.54,24.91,25.68,25.65,0.03,0.12
10-Jan-2012,25.68,25.68,23.96,24,25.68,-1.68,-6.54
11-Jan-2012,24,24.64,23.32,24.54,24,0.54,2.25
12-Jan-2012,24.54,24.85,23.77,24.03,24.54,-0.51,-2.08
13-Jan-2012,24.03,24.15,23.23,23.48,24.03,-0.55,-2.29
16-Jan-2012,23.48,24.96,23.22,24.07,23.48,0.59,2.51
17-Jan-2012,24.07,24.07,22.48,22.61,24.07,-1.46,-6.07
18-Jan-2012,22.61,22.75,21.97,22.68,22.61,0.07,0.31
19-Jan-2012,22.68,22.68,20.88,21.68,22.68,-1,-4.41
20-Jan-2012,21.68,22.33,18.01,21.96,21.68,0.28,1.29
23-Jan-2012,21.96,22.91,21.96,22.14,21.96,0.18,0.82
24-Jan-2012,22.14,22.51,20.77,21.42,22.14,-0.72,-3.25
25-Jan-2012,21.42,21.42,18.63,21.02,21.42,-0.4,-1.87
27-Jan-2012,21.02,22.2,20.68,21.7,21.02,0.68,3.24
30-Jan-2012,21.7,23.48,21.7,23.46,21.7,1.76,8.11
31-Jan-2012,23.46,23.46,22.33,22.66,23.46,-0.8,-3.41
01-Feb-2012,22.66,23.49,22.17,22.89,22.66,0.23,1.02
02-Feb-2012,22.89,24.26,21.88,23.69,22.89,0.8,3.49
03-Feb-2012,23.69,24.49,23.35,24.09,23.69,0.4,1.69
06-Feb-2012,24.09,25.02,23.58,24.62,24.09,0.53,2.2
07-Feb-2012,24.66,25.15,23.69,24.91,24.62,0.25,1.01
08-Feb-2012,24.91,25.01,24.17,24.27,24.91,-0.64,-2.57
09-Feb-2012,24.27,24.61,23.25,23.3,24.27,-0.97,-4
10-Feb-2012,23.3,24.47,22.98,23.83,23.3,0.53,2.27
13-Feb-2012,23.83,24.76,23.12,23.71,23.83,-0.12,-0.5
14-Feb-2012,23.71,23.92,22.71,22.71,23.71,-1,-4.22
15-Feb-2012,22.71,22.71,21.71,22.1,22.71,-0.61,-2.69
16-Feb-2012,22.1,23.88,20.3,23.33,22.1,1.23,5.57
17-Feb-2012,23.33,24.91,21.81,24.18,23.33,0.85,3.64
21-Feb-2012,24.18,27.18,24.18,26.25,24.18,2.07,8.56
22-Feb-2012,26.25,27.3,25.69,26.8,26.25,0.55,2.1
23-Feb-2012,26.8,26.8,24.13,24.33,26.8,-2.47,-9.22
24-Feb-2012,24.33,25.79,23.59,24.82,24.33,0.49,2.01
27-Feb-2012,24.82,27.87,24.82,27.38,24.82,2.56,10.31
28-Feb-2012,27.38,27.38,25.7,25.85,27.38,-1.53,-5.59
29-Feb-2012,25.85,27.09,24.69,26.93,25.85,1.08,4.18
01-Mar-2012,26.93,28.02,26.52,27.67,26.93,0.74,2.75
02-Mar-2012,27.67,28.37,26.62,27.84,27.67,0.17,0.61
03-Mar-2012,27.84,28.2,27.17,28.2,27.84,0.36,1.29
05-Mar-2012,28.2,29.55,28.2,28.92,28.2,0.72,2.55
06-Mar-2012,28.92,28.92,26.05,27.34,28.92,-1.58,-5.46
07-Mar-2012,27.34,27.34,25.97,26.33,27.34,-1.01,-3.69
09-Mar-2012,26.33,26.33,24.6,25.47,26.33,-0.86,-3.27
12-Mar-2012,25.47,26.93,24.92,26.27,25.47,0.8,3.14
13-Mar-2012,26.27,26.27,24.64,24.75,26.27,-1.52,-5.79
14-Mar-2012,24.75,25.09,23.03,24.72,24.75,-0.03,-0.12
15-Mar-2012,24.72,25.64,24.04,25.42,24.72,0.7,2.83
16-Mar-2012,25.42,25.42,22.58,23.13,25.42,-2.29,-9.01
19-Mar-2012,23.13,23.82,22.79,22.97,23.13,-0.16,-0.69
20-Mar-2012,22.97,22.97,21.36,21.94,22.97,-1.03,-4.48
21-Mar-2012,21.94,21.99,21,21,21.94,-0.94,-4.28
22-Mar-2012,21,24.77,20.59,24.77,21,3.77,17.95
23-Mar-2012,24.77,24.77,22.89,23.34,24.77,-1.43,-5.77
26-Mar-2012,23.34,27.45,22.4,26.74,23.34,3.4,14.57
27-Mar-2012,26.74,27.13,24.32,25.05,26.74,-1.69,-6.32
28-Mar-2012,25.05,25.83,24.82,24.87,25.05,-0.18,-0.72
29-Mar-2012,24.87,25.86,24.19,24.33,24.87,-0.54,-2.17
30-Mar-2012,24.33,24.33,22.07,22.38,24.33,-1.95,-8.01
02-Apr-2012,22.86,22.94,20.88,20.88,22.38,-1.5,-6.7
03-Apr-2012,20.88,20.88,19.93,20.01,20.88,-0.87,-4.17
04-Apr-2012,20.01,20.85,20.01,20.63,20.01,0.62,3.1
09-Apr-2012,20.63,22.44,20.63,22.33,20.63,1.7,8.24
10-Apr-2012,22.33,22.81,21.73,21.92,22.33,-0.41,-1.84
11-Apr-2012,21.92,22.75,21.65,22.29,21.92,0.37,1.69
12-Apr-2012,22.29,22.29,21.72,21.78,22.29,-0.51,-2.29
13-Apr-2012,19.86,23.16,19.86,22.75,21.78,0.97,4.45
16-Apr-2012,22.75,23.29,22.23,22.23,22.75,-0.52,-2.29
17-Apr-2012,22.23,22.75,20.29,20.31,22.23,-1.92,-8.64
18-Apr-2012,18.93,20.2,18.93,20.03,20.31,-0.28,-1.38
19-Apr-2012,20.03,20.03,18.99,19.35,20.03,-0.68,-3.39
20-Apr-2012,19.35,20.75,19.02,20.09,19.35,0.74,3.82
23-Apr-2012,20.09,21.57,19.71,21.57,20.09,1.48,7.37
24-Apr-2012,21.57,21.57,19.13,19.25,21.57,-2.32,-10.76
25-Apr-2012,17.76,20.4,17.76,18.94,19.25,-0.31,-1.61
26-Apr-2012,19.33,19.45,18.31,18.74,18.94,-0.2,-1.06
27-Apr-2012,18.74,19.18,17.85,17.89,18.74,-0.85,-4.54
28-Apr-2012,18.55,18.55,17.59,17.61,17.89,-0.28,-1.57
30-Apr-2012,17.61,18.52,17.61,17.82,17.61,0.21,1.19
02-May-2012,17.82,18.61,17.82,18.54,17.82,0.72,4.04
03-May-2012,18.54,19.82,18.54,19.25,18.54,0.71,3.83
04-May-2012,19.25,21.45,19.25,21.12,19.25,1.87,9.71
07-May-2012,21.12,23.23,20.18,20.22,21.12,-0.9,-4.26
08-May-2012,20.22,22.3,19.65,22.16,20.22,1.94,9.59
09-May-2012,22.16,23.87,22.06,23.04,22.16,0.88,3.97
10-May-2012,23.04,23.64,22.07,22.72,23.04,-0.32,-1.39
11-May-2012,22.72,23.93,22.35,22.48,22.72,-0.24,-1.06
14-May-2012,22.48,23.52,22.48,23.26,22.48,0.78,3.47
15-May-2012,23.26,23.26,22.2,22.28,23.26,-0.98,-4.21
16-May-2012,22.28,24.54,22.28,23.71,22.28,1.43,6.42
17-May-2012,23.71,24.27,22.21,23.59,23.71,-0.12,-0.51
18-May-2012,23.59,25.45,22.57,23.55,23.59,-0.04,-0.17
21-May-2012,23.55,24.35,23.2,23.92,23.55,0.37,1.57
22-May-2012,23.92,24.63,22.6,24.39,23.92,0.47,1.96
23-May-2012,24.39,27.2,23.21,27.13,24.39,2.74,11.23
24-May-2012,27.13,27.13,24,25.49,27.13,-1.64,-6.04
25-May-2012,25.49,26.6,24.06,25.14,25.49,-0.35,-1.37
28-May-2012,25.14,25.4,23.59,23.68,25.14,-1.46,-5.81
29-May-2012,23.68,24.33,22.7,24.03,23.68,0.35,1.48
30-May-2012,24.03,25.54,23.29,25.3,24.03,1.27,5.29
31-May-2012,25.3,25.97,24.99,25.25,25.3,-0.05,-0.2
01-Jun-2012,25.25,26.77,24.88,26.77,25.25,1.52,6.02
04-Jun-2012,26.77,28.65,25.6,25.6,26.77,-1.17,-4.37
05-Jun-2012,25.6,26.69,24.27,26.26,25.6,0.66,2.58
06-Jun-2012,26.26,26.26,24.26,24.9,26.26,-1.36,-5.18
07-Jun-2012,24.9,25.06,23.34,23.64,24.9,-1.26,-5.06
08-Jun-2012,23.64,24.75,23.45,23.47,23.64,-0.17,-0.72
11-Jun-2012,23.47,25.02,23.47,25.02,23.47,1.55,6.6
12-Jun-2012,25.02,25.43,23.94,24.2,25.02,-0.82,-3.28
13-Jun-2012,24.2,25.32,23.53,24.36,24.2,0.16,0.66
14-Jun-2012,24.36,25.82,23.4,25.71,24.36,1.35,5.54
15-Jun-2012,25.71,25.92,24.49,25.54,25.71,-0.17,-0.66
18-Jun-2012,25.54,25.54,22.25,22.6,25.54,-2.94,-11.51
19-Jun-2012,22.6,22.6,21.04,21.43,22.6,-1.17,-5.18
20-Jun-2012,21.43,21.72,20.11,21.03,21.43,-0.4,-1.87
21-Jun-2012,21.03,21.22,19.43,19.94,21.03,-1.09,-5.18
22-Jun-2012,19.94,21.52,19.61,20.58,19.94,0.64,3.21
25-Jun-2012,20.58,21.63,20.04,21.57,20.58,0.99,4.81
26-Jun-2012,21.57,21.76,20.04,20.23,21.57,-1.34,-6.21
27-Jun-2012,20.23,20.81,19.39,20.37,20.23,0.14,0.69
28-Jun-2012,20.37,20.73,19.53,20.62,20.37,0.25,1.23
29-Jun-2012,20.62,20.62,18.8,19.08,20.62,-1.54,-7.47
02-Jul-2012,19.08,19.7,18.79,19.01,19.08,-0.07,-0.37
03-Jul-2012,19.01,19.01,18.14,18.56,19.01,-0.45,-2.37
04-Jul-2012,18.56,18.83,17.48,18.27,18.56,-0.29,-1.56
05-Jul-2012,18.27,18.7,18.09,18.35,18.27,0.08,0.44
06-Jul-2012,18.35,18.63,18.04,18.04,18.35,-0.31,-1.69
09-Jul-2012,18.04,19.09,18.04,18.72,18.04,0.68,3.77
10-Jul-2012,18.72,18.87,17.8,17.83,18.72,-0.89,-4.75
11-Jul-2012,17.83,18.57,17.8,18.39,17.83,0.56,3.14
12-Jul-2012,18.39,19.31,18.02,18.71,18.39,0.32,1.74
13-Jul-2012,18.71,18.71,17.62,18.26,18.71,-0.45,-2.41
16-Jul-2012,18.26,19.01,18.08,18.77,18.26,0.51,2.79
17-Jul-2012,18.77,18.77,17.72,17.78,18.77,-0.99,-5.27
18-Jul-2012,17.78,17.83,17.06,17.44,17.78,-0.34,-1.91
19-Jul-2012,17.44,17.44,16.33,16.38,17.44,-1.06,-6.08
20-Jul-2012,16.38,17.31,15.84,16.89,16.38,0.51,3.11
23-Jul-2012,16.89,18.67,16.89,18.66,16.89,1.77,10.48
24-Jul-2012,18.66,18.66,16.56,16.97,18.66,-1.69,-9.06
25-Jul-2012,16.97,18.14,16.48,16.75,16.97,-0.22,-1.3
26-Jul-2012,16.75,17.58,15.92,16.37,16.75,-0.38,-2.27
27-Jul-2012,16.37,16.75,15.42,16.44,16.37,0.07,0.43
30-Jul-2012,16.44,17.32,16.43,16.6,16.44,0.16,0.97
31-Jul-2012,16.6,17.13,15.93,16.01,16.6,-0.59,-3.55
01-Aug-2012,16.01,16.48,15.86,16.45,16.01,0.44,2.75
02-Aug-2012,16.45,16.91,16.45,16.77,16.45,0.32,1.95
03-Aug-2012,16.77,16.96,16.12,16.12,16.77,-0.65,-3.88
06-Aug-2012,16.12,16.51,15.68,16.22,16.12,0.1,0.62
07-Aug-2012,16.22,16.33,15.74,16.21,16.22,-0.01,-0.06
08-Aug-2012,16.21,16.74,15.51,16.37,16.21,0.16,0.99
09-Aug-2012,16.37,16.77,16.04,16.33,16.37,-0.04,-0.24
10-Aug-2012,16.33,16.51,16.03,16.07,16.33,-0.26,-1.59
13-Aug-2012,16.07,16.65,16,16.01,16.07,-0.06,-0.37
14-Aug-2012,16.01,16.15,15.57,15.64,16.01,-0.37,-2.31
16-Aug-2012,15.64,16.13,15.07,15.69,15.64,0.05,0.32
17-Aug-2012,15.69,16.02,15.21,15.73,15.69,0.04,0.25
21-Aug-2012,15.73,16.49,15.71,16.3,15.73,0.57,3.62
22-Aug-2012,16.3,16.53,15.79,16,16.3,-0.3,-1.84
23-Aug-2012,16,16.36,15.44,16.12,16,0.12,0.75
24-Aug-2012,16.12,16.8,15.66,16.16,16.12,0.04,0.25
27-Aug-2012,16.16,17.03,14.68,16.47,16.16,0.31,1.92
28-Aug-2012,16.47,16.76,15.8,16.35,16.47,-0.12,-0.73
29-Aug-2012,16.35,16.9,15.64,16.74,16.35,0.39,2.39
30-Aug-2012,16.74,17.04,16.55,16.67,16.74,-0.07,-0.42
31-Aug-2012,16.67,17.35,16.59,17.3,16.67,0.63,3.78
03-Sep-2012,17.3,17.5,16.86,17.28,17.3,-0.02,-0.12
04-Sep-2012,17.28,17.28,16.59,16.59,17.28,-0.69,-3.99
05-Sep-2012,16.59,17.15,16.19,17.01,16.59,0.42,2.53
06-Sep-2012,17.01,17.07,16.23,16.98,17.01,-0.03,-0.18
07-Sep-2012,16.98,16.98,15.2,15.26,16.98,-1.72,-10.13
08-Sep-2012,15.26,15.26,14.45,14.76,15.26,-0.5,-3.28
10-Sep-2012,14.76,15.46,14.76,15.27,14.76,0.51,3.46
11-Sep-2012,15.27,15.51,15.1,15.38,15.27,0.11,0.72
12-Sep-2012,15.38,15.66,14.64,15.04,15.38,-0.34,-2.21
13-Sep-2012,15.04,15.83,14.62,15.67,15.04,0.63,4.19
14-Sep-2012,15.67,15.67,13.86,15.38,15.67,-0.29,-1.85
17-Sep-2012,15.38,17.81,15.38,17.78,15.38,2.4,15.6
18-Sep-2012,17.78,18.09,16.17,17.83,17.78,0.05,0.28
20-Sep-2012,17.83,18.81,17.13,18.62,17.83,0.79,4.43
21-Sep-2012,18.62,19.45,17.09,18.93,18.62,0.31,1.66
24-Sep-2012,18.93,19.83,18.46,18.83,18.93,-0.1,-0.53
25-Sep-2012,18.83,18.83,17.11,17.11,18.83,-1.72,-9.13
26-Sep-2012,17.11,17.3,16.62,16.97,17.11,-0.14,-0.82
27-Sep-2012,16.97,17.09,15.73,16.91,16.97,-0.06,-0.35
28-Sep-2012,16.91,16.91,16.13,16.16,16.91,-0.75,-4.44
01-Oct-2012,16.16,16.77,15.99,16.34,16.16,0.18,1.11
03-Oct-2012,16.34,16.98,15.69,16.5,16.34,0.16,0.98
04-Oct-2012,16.5,16.62,15.59,16.44,16.5,-0.06,-0.36
05-Oct-2012,16.44,17.49,15.68,16.78,16.44,0.34,2.07
08-Oct-2012,16.78,17.59,16.17,17.17,16.78,0.39,2.32
09-Oct-2012,17.17,17.17,16.32,16.8,17.17,-0.37,-2.15
10-Oct-2012,16.8,17.16,16.5,16.83,16.8,0.03,0.18
11-Oct-2012,16.83,17.24,16.12,16.49,16.83,-0.34,-2.02
12-Oct-2012,16.49,16.82,15.37,16.49,16.49,0,0
15-Oct-2012,16.49,16.68,15.78,15.9,16.49,-0.59,-3.58
16-Oct-2012,15.9,15.9,14.82,15.57,15.9,-0.33,-2.08
17-Oct-2012,15.57,15.57,14.36,15.17,15.57,-0.4,-2.57
18-Oct-2012,15.17,15.17,14.15,14.76,15.17,-0.41,-2.7
19-Oct-2012,14.76,15.19,13.95,14.54,14.76,-0.22,-1.49
22-Oct-2012,14.34,14.37,12.87,13.04,14.54,-1.5,-10.32
23-Oct-2012,13.04,14.22,12.93,13.71,13.04,0.67,5.14
25-Oct-2012,13.71,14.55,13.4,13.52,13.71,-0.19,-1.39
26-Oct-2012,13.52,14.81,13.52,14.21,13.52,0.69,5.1
29-Oct-2012,14.21,15.37,14.21,15.12,14.21,0.91,6.4
30-Oct-2012,15.12,15.55,15.09,15.17,15.12,0.05,0.33
31-Oct-2012,15.17,15.18,14.31,14.4,15.17,-0.77,-5.08
01-Nov-2012,14.4,14.67,14.01,14.08,14.4,-0.32,-2.22
02-Nov-2012,14.08,14.08,13.25,13.66,14.08,-0.42,-2.98
05-Nov-2012,13.66,14.98,13.49,14.63,13.66,0.97,7.1
06-Nov-2012,14.63,15.64,13.83,15.21,14.63,0.58,3.96
07-Nov-2012,15.21,15.39,14.41,14.51,15.21,-0.7,-4.6
08-Nov-2012,14.51,14.57,13.86,14.22,14.51,-0.29,-2
09-Nov-2012,14.22,14.8,13.57,14.37,14.22,0.15,1.05
12-Nov-2012,14.37,15.11,13.75,14.86,14.37,0.49,3.41
13-Nov-2012,14.86,14.91,13.93,14.91,14.86,0.05,0.34
15-Nov-2012,14.91,16.36,13.85,15.53,14.91,0.62,4.16
16-Nov-2012,15.53,16.27,14.13,16.22,15.53,0.69,4.44
19-Nov-2012,16.22,17.22,14.71,16.68,16.22,0.46,2.84
20-Nov-2012,16.68,16.68,14.72,15.81,16.68,-0.87,-5.22
21-Nov-2012,15.81,16.03,14.82,15.46,15.81,-0.35,-2.21
22-Nov-2012,15.46,15.55,14.65,14.91,15.46,-0.55,-3.56
23-Nov-2012,14.91,15.01,13.42,14.68,14.91,-0.23,-1.54
26-Nov-2012,14.68,14.94,14.09,14.67,14.68,-0.01,-0.07
27-Nov-2012,14.67,14.68,13.39,13.96,14.67,-0.71,-4.84
29-Nov-2012,13.96,15.62,13.48,15.37,13.96,1.41,10.1
30-Nov-2012,15.37,15.38,14.06,15.15,15.37,-0.22,-1.43
03-Dec-2012,15.15,15.72,14.54,15.62,15.15,0.47,3.1
04-Dec-2012,15.62,16.17,14.62,15.91,15.62,0.29,1.86
05-Dec-2012,15.91,16.72,14.79,16.62,15.91,0.71,4.46
06-Dec-2012,16.62,16.62,15.02,15.24,16.62,-1.38,-8.3
07-Dec-2012,15.24,15.51,14.42,14.96,15.24,-0.28,-1.84
10-Dec-2012,14.96,14.96,14.22,14.51,14.96,-0.45,-3.01
11-Dec-2012,14.51,14.84,13.39,14.67,14.51,0.16,1.1
12-Dec-2012,14.67,14.67,13.4,14.51,14.67,-0.16,-1.09
13-Dec-2012,14.51,14.86,13.29,14.71,14.51,0.2,1.38
14-Dec-2012,14.71,14.83,13.43,14.23,14.71,-0.48,-3.26
17-Dec-2012,14.23,15.06,13.42,14.92,14.23,0.69,4.85
18-Dec-2012,14.92,14.92,14.07,14.44,14.92,-0.48,-3.22
19-Dec-2012,14.44,14.64,13.28,14.47,14.44,0.03,0.21
20-Dec-2012,14.47,14.9,13.77,14.32,14.47,-0.15,-1.04
21-Dec-2012,14.32,15.06,13.77,14.63,14.32,0.31,2.16
24-Dec-2012,14.63,15.15,14.15,14.49,14.63,-0.14,-0.96
26-Dec-2012,14.49,14.98,14.03,14.1,14.49,-0.39,-2.69
27-Dec-2012,14.1,14.34,13.62,13.74,14.1,-0.36,-2.55
28-Dec-2012,13.74,13.83,13.46,13.63,13.74,-0.11,-0.8
31-Dec-2012,13.63,14.97,13.63,14.95,13.63,1.32,9.68
01-Jan-2013,14.95,14.95,13.64,13.69,14.95,-1.26,-8.43
02-Jan-2013,13.69,13.91,12.99,13.71,13.69,0.02,0.15
03-Jan-2013,13.71,13.94,13.22,13.47,13.71,-0.24,-1.75
04-Jan-2013,13.47,13.63,13.28,13.37,13.47,-0.1,-0.74
07-Jan-2013,13.37,14.04,13.37,13.92,13.37,0.55,4.11
08-Jan-2013,13.92,14.06,13.21,13.27,13.92,-0.65,-4.67
09-Jan-2013,13.27,13.56,12.58,13.32,13.27,0.05,0.38
10-Jan-2013,13.32,13.63,12.85,13.27,13.32,-0.05,-0.38
11-Jan-2013,13.27,13.35,12.83,13.23,13.27,-0.04,-0.3
14-Jan-2013,13.23,14.02,13.22,13.7,13.23,0.47,3.55
15-Jan-2013,13.7,14,13.34,13.58,13.7,-0.12,-0.88
16-Jan-2013,13.58,14.14,13.06,13.99,13.58,0.41,3.02
17-Jan-2013,13.99,14.25,13.66,14.01,13.99,0.02,0.14
18-Jan-2013,14.01,14.26,13.25,13.89,14.01,-0.12,-0.86
21-Jan-2013,13.89,14.39,13.63,13.66,13.89,-0.23,-1.66
22-Jan-2013,13.66,14.06,12.9,13.89,13.66,0.23,1.68
23-Jan-2013,13.89,14.28,13.13,13.67,13.89,-0.22,-1.58
24-Jan-2013,13.67,14.55,12.84,14.46,13.67,0.79,5.78
25-Jan-2013,14.46,14.98,14.32,14.77,14.46,0.31,2.14
28-Jan-2013,14.77,15.49,14.41,15.17,14.77,0.4,2.71
29-Jan-2013,15.17,15.28,14.28,14.47,15.17,-0.7,-4.61
30-Jan-2013,14.47,14.68,14.05,14.38,14.47,-0.09,-0.62
31-Jan-2013,14.38,14.54,13.65,14.13,14.38,-0.25,-1.74
01-Feb-2013,14.13,14.18,13.76,13.76,14.13,-0.37,-2.62
04-Feb-2013,13.76,14.62,13.51,14.34,13.76,0.58,4.22
05-Feb-2013,14.34,14.83,14.11,14.61,14.34,0.27,1.88
06-Feb-2013,14.61,14.61,14.1,14.26,14.61,-0.35,-2.4
07-Feb-2013,14.26,14.89,13.56,14.89,14.26,0.63,4.42
08-Feb-2013,14.89,15.22,13.75,15.16,14.89,0.27,1.81
11-Feb-2013,15.16,15.74,14.96,15.65,15.16,0.49,3.23
12-Feb-2013,15.65,15.71,14.98,15.31,15.65,-0.34,-2.17
13-Feb-2013,15.31,15.31,14.47,15.14,15.31,-0.17,-1.11
14-Feb-2013,15.14,15.52,14.67,15.09,15.14,-0.05,-0.33
15-Feb-2013,15.09,15.49,14.13,15.24,15.09,0.15,0.99
18-Feb-2013,15.24,16.61,15.24,16.29,15.24,1.05,6.89
19-Feb-2013,16.29,16.5,15.48,15.81,16.29,-0.48,-2.95
20-Feb-2013,15.81,16.01,14.88,15.6,15.81,-0.21,-1.33
21-Feb-2013,15.6,17.25,15.25,16.94,15.6,1.34,8.59
22-Feb-2013,16.94,17.29,16.36,16.79,16.94,-0.15,-0.89
25-Feb-2013,16.79,17.33,16.61,16.73,16.79,-0.06,-0.36
26-Feb-2013,16.73,17.6,16.47,17.36,16.73,0.63,3.77
27-Feb-2013,17.36,17.36,16.11,16.23,17.36,-1.13,-6.51
28-Feb-2013,16.23,16.23,14.59,14.86,16.23,-1.37,-8.44
01-Mar-2013,14.86,15.09,13.93,14.06,14.86,-0.8,-5.38
04-Mar-2013,14.06,14.51,13.67,13.67,14.06,-0.39,-2.77
05-Mar-2013,13.67,13.74,13.22,13.39,13.67,-0.28,-2.05
06-Mar-2013,13.39,13.6,12.9,13.4,13.39,0.01,0.07
07-Mar-2013,13.4,13.62,12.83,13.07,13.4,-0.33,-2.46
08-Mar-2013,12.85,13.58,12.85,13.34,13.07,0.27,2.07
11-Mar-2013,13.34,14.32,13.12,14.25,13.34,0.91,6.82
12-Mar-2013,14.25,15.67,13.7,15.13,14.25,0.88,6.18
13-Mar-2013,15.13,16.43,14.69,16.2,15.13,1.07,7.07
14-Mar-2013,16.2,17.16,14.58,14.66,16.2,-1.54,-9.51
15-Mar-2013,14.66,15.29,14.19,15.16,14.66,0.5,3.41
18-Mar-2013,15.16,16.59,15.16,15.85,15.16,0.69,4.55
19-Mar-2013,15.85,17.84,14.83,16.71,15.85,0.86,5.43
20-Mar-2013,16.71,17.44,16.17,16.66,16.71,-0.05,-0.3
21-Mar-2013,16.66,17.24,15.9,16.51,16.66,-0.15,-0.9
22-Mar-2013,16.51,16.51,15.45,15.54,16.51,-0.97,-5.88
25-Mar-2013,15.54,16.36,14.92,16.36,15.54,0.82,5.28
26-Mar-2013,16.36,16.84,15.64,15.8,16.36,-0.56,-3.42
28-Mar-2013,15.8,16.2,15.22,15.22,15.8,-0.58,-3.67
01-Apr-2013,15.22,15.85,14.8,14.85,15.22,-0.37,-2.43
02-Apr-2013,14.85,15.09,14.1,14.1,14.85,-0.75,-5.05
03-Apr-2013,14.1,15.06,13.84,14.87,14.1,0.77,5.46
04-Apr-2013,14.87,16.08,14.8,15.85,14.87,0.98,6.59
05-Apr-2013,15.85,16.47,15.23,16.16,15.85,0.31,1.96
08-Apr-2013,15.67,16.96,15.67,16.77,16.16,0.61,3.77
09-Apr-2013,15.82,17.26,15.82,16.82,16.77,0.05,0.3
10-Apr-2013,16.82,17.43,16.03,16.49,16.82,-0.33,-1.96
11-Apr-2013,16.49,17.59,15.99,16.97,16.49,0.48,2.91
12-Apr-2013,16.97,17.26,16.33,16.45,16.97,-0.52,-3.06
15-Apr-2013,16.45,17.07,16.24,16.61,16.45,0.16,0.97
16-Apr-2013,16.61,16.8,16.04,16.25,16.61,-0.36,-2.17
17-Apr-2013,16.25,16.58,15.76,16.36,16.25,0.11,0.68
18-Apr-2013,16.36,16.49,15.21,15.36,16.36,-1,-6.11
22-Apr-2013,15.36,17.25,15.36,16.22,15.36,0.86,5.6
23-Apr-2013,16.22,16.45,14.63,15.07,16.22,-1.15,-7.09
25-Apr-2013,15.07,15.58,13.87,14.2,15.07,-0.87,-5.77
26-Apr-2013,14.6,14.6,13.84,13.88,14.2,-0.32,-2.25
29-Apr-2013,13.88,14.72,13.88,14.33,13.88,0.45,3.24
30-Apr-2013,14.33,15.64,13.81,15.1,14.33,0.77,5.37
02-May-2013,15.1,16.73,15.1,16.28,15.1,1.18,7.81
03-May-2013,16.28,16.55,15.43,15.55,16.28,-0.73,-4.48
06-May-2013,15.55,16.59,15.53,15.84,15.55,0.29,1.86
07-May-2013,15.84,16.53,15.56,16.5,15.84,0.66,4.17
08-May-2013,16.5,17.22,16.01,16.76,16.5,0.26,1.58
09-May-2013,16.76,17.15,16.53,16.6,16.76,-0.16,-0.95
10-May-2013,16.6,17.13,16.4,16.86,16.6,0.26,1.57
11-May-2013,16.86,16.89,15.85,16.84,16.86,-0.02,-0.12
13-May-2013,16.84,17.79,16.77,17.51,16.84,0.67,3.98
14-May-2013,16.53,17.7,16.53,17.17,17.51,-0.34,-1.94
15-May-2013,17.17,18.16,16.54,18.13,17.17,0.96,5.59
16-May-2013,18.13,18.52,17.46,17.74,18.13,-0.39,-2.15
17-May-2013,17.74,17.83,16.76,17.57,17.74,-0.17,-0.96
20-May-2013,17.57,17.99,17.3,17.71,17.57,0.14,0.8
21-May-2013,16.99,18.22,16.99,17.88,17.71,0.17,0.96
22-May-2013,17.88,18.03,16.95,17.72,17.88,-0.16,-0.89
23-May-2013,17.72,19.36,16.96,18.73,17.72,1.01,5.7
24-May-2013,18.73,18.8,17.61,17.7,18.73,-1.03,-5.5
27-May-2013,17.7,18.04,16.68,17.03,17.7,-0.67,-3.79
28-May-2013,17.03,17.62,16.63,17.12,17.03,0.09,0.53
29-May-2013,16.79,17.87,16.79,17.86,17.12,0.74,4.32
30-May-2013,17.86,17.86,15.84,16.04,17.86,-1.82,-10.19
31-May-2013,16.04,17.21,15.88,16.99,16.04,0.95,5.92
03-Jun-2013,16.99,17.92,16.99,17.29,16.99,0.3,1.77
04-Jun-2013,17.29,17.55,16.72,17.26,17.29,-0.03,-0.17
05-Jun-2013,16.79,17.5,16.78,16.78,17.26,-0.48,-2.78
06-Jun-2013,16.78,17.52,16.59,17.35,16.78,0.57,3.4
07-Jun-2013,17.35,17.51,16.78,17.35,17.35,0,0
10-Jun-2013,17.35,18.63,17.04,18.11,17.35,0.76,4.38
11-Jun-2013,17.41,19.59,17.41,19.49,18.11,1.38,7.62
12-Jun-2013,19.49,19.85,18.75,18.85,19.49,-0.64,-3.28
13-Jun-2013,18.85,19.77,17.76,19.44,18.85,0.59,3.13
14-Jun-2013,19.44,19.44,17.65,18.35,19.44,-1.09,-5.61
17-Jun-2013,18.28,19.35,18.13,18.18,18.35,-0.17,-0.93
18-Jun-2013,17.89,18.85,17.89,18.29,18.18,0.11,0.61
19-Jun-2013,18.29,18.68,17.75,18.46,18.29,0.17,0.93
20-Jun-2013,18.46,19.74,17.85,19.19,18.46,0.73,3.95
21-Jun-2013,19.19,19.73,18.19,19.03,19.19,0,0
24-Jun-2013,19.03,21.79,18.48,21.01,19.03,1.98,10.4
25-Jun-2013,21.01,22.11,20.33,21.14,21.01,0.13,0.62
26-Jun-2013,21.14,21.22,20.08,21.07,21.14,-0.07,-0.33
27-Jun-2013,21.07,21.07,18.62,18.85,21.07,-2.22,-10.54
28-Jun-2013,18.85,18.85,17.62,17.95,18.85,-0.9,-4.77
01-Jul-2013,17.95,18.72,17.95,18.09,17.95,0.14,0.78
02-Jul-2013,18.09,18.55,17.98,18.21,18.09,0.12,0.66
03-Jul-2013,18.21,19.13,17.81,18.91,18.21,0.7,3.84
04-Jul-2013,18.91,19,18,18.58,18.91,-0.33,-1.75
05-Jul-2013,18.58,19.01,17.75,18.67,18.58,0.09,0.48
08-Jul-2013,18.67,19.85,18.38,19.34,18.67,0.67,3.59
09-Jul-2013,19.34,19.53,18.41,19.32,19.34,-0.02,-0.1
10-Jul-2013,19.32,20.11,18.33,19.98,19.32,0.66,3.42
11-Jul-2013,19.98,19.98,18.13,18.89,19.98,-1.09,-5.46
12-Jul-2013,18.89,18.96,17.68,18.69,18.89,-0.2,-1.06
15-Jul-2013,18.69,19.54,17.63,18.79,18.69,0.1,0.54
16-Jul-2013,18.79,19.82,17.79,18.99,18.79,0.2,1.06
17-Jul-2013,18.99,19.59,17.76,19.36,18.99,0.37,1.95
18-Jul-2013,19.36,19.4,18.07,18.27,19.36,-1.09,-5.63
19-Jul-2013,18.27,18.28,17.71,18.13,18.27,-0.14,-0.77
22-Jul-2013,18.03,18.66,17.62,17.63,18.13,-0.5,-2.76
23-Jul-2013,17.63,17.63,16.43,16.72,17.63,-0.91,-5.16
24-Jul-2013,16.72,18.05,16.6,16.91,16.72,0.19,1.14
25-Jul-2013,16.98,17.09,16.18,16.72,16.91,-0.19,-1.12
26-Jul-2013,16.54,17.05,16.27,16.78,16.72,0.06,0.36
29-Jul-2013,16.78,18.42,16.78,18.25,16.78,1.47,8.76
30-Jul-2013,18.25,18.46,17.06,18.12,18.25,-0.13,-0.71
31-Jul-2013,18.12,19.29,18.12,18.77,18.12,0.65,3.59
01-Aug-2013,18.77,20.9,17.72,19.81,18.77,1.04,5.54
02-Aug-2013,19.81,21.22,19,20.89,19.81,1.08,5.45
05-Aug-2013,20.89,21.62,20.56,20.8,20.89,-0.09,-0.43
06-Aug-2013,20.8,22.75,20.32,22.73,20.8,1.93,9.28
07-Aug-2013,22.73,23.28,21.86,22.04,22.73,-0.69,-3.04
08-Aug-2013,22.04,22.04,20.59,21.19,22.04,-0.85,-3.86
12-Aug-2013,21.19,21.99,20.17,21.28,21.19,0.09,0.42
13-Aug-2013,20.26,21.11,19.07,19.26,21.28,-2.02,-9.49
14-Aug-2013,19.26,19.62,18.27,18.7,19.26,-0.56,-2.91
16-Aug-2013,18.7,24.76,18.07,23.64,18.7,4.94,26.42
19-Aug-2013,23.64,26.99,23.64,25.59,23.64,1.95,8.25
20-Aug-2013,25.59,27.43,24.86,27.23,25.59,1.64,6.41
21-Aug-2013,27.23,29.96,24.25,28.09,27.23,0.86,3.16
22-Aug-2013,28.09,29.86,27.99,27.68,28.09,-0.41,-1.46
23-Aug-2013,27.68,27.84,25.34,25.75,27.68,-1.93,-6.97
26-Aug-2013,25.75,27.43,24.72,26.38,25.75,0.63,2.45
27-Aug-2013,26.38,30.04,25.97,29.42,26.38,3.04,11.52
28-Aug-2013,29.42,36.02,29.42,32.38,29.42,2.96,10.06
29-Aug-2013,32.38,32.44,28.83,29.41,32.38,-2.97,-9.17
30-Aug-2013,29.41,30.31,27.11,27.81,29.41,-1.6,-5.44
02-Sep-2013,27.81,28.55,26.97,27.55,27.81,-0.26,-0.93
03-Sep-2013,27.55,32.66,26.76,32.49,27.55,4.94,17.93
04-Sep-2013,32.49,33.02,30.83,31.11,32.49,-1.38,-4.25
05-Sep-2013,31.11,31.11,27.51,28.53,31.11,-2.58,-8.29
06-Sep-2013,28.53,29.28,27.63,28.65,28.53,0.12,0.42
10-Sep-2013,28.65,29.52,27.09,29.44,28.65,0.79,2.76
11-Sep-2013,29.44,31.16,28.48,29.75,29.44,0.31,1.05
12-Sep-2013,29.75,30.8,26.7,29.71,29.75,-0.04,-0.13
13-Sep-2013,29.71,29.71,28.17,28.29,29.71,-1.42,-4.78
16-Sep-2013,28.29,29.67,25.9,28.82,28.29,0.53,1.87
17-Sep-2013,28.82,29.58,27.6,27.93,28.82,-0.89,-3.09
18-Sep-2013,27.93,28.49,26.99,27.69,27.93,-0.24,-0.86
19-Sep-2013,23.62,25.36,23.56,24.5,27.69,-3.19,-11.52
20-Sep-2013,24.5,26.18,23.4,24.73,24.5,0.23,0.94
23-Sep-2013,24.73,27.24,24.73,27.02,24.73,2.29,9.26
24-Sep-2013,27.02,28.49,26.27,26.72,27.02,-0.3,-1.11
25-Sep-2013,26.72,27.05,25.05,25.68,26.72,-1.04,-3.89
26-Sep-2013,25.68,25.8,23.57,24,25.68,-1.68,-6.54
27-Sep-2013,24,25.24,23.36,24.06,24,0.06,0.25
30-Sep-2013,25,26.65,24.91,26.65,24.06,2.59,10.76
01-Oct-2013,26.65,28.02,25.74,25.77,26.65,-0.88,-3.3
03-Oct-2013,25.77,25.89,24.93,25.17,25.77,-0.6,-2.33
04-Oct-2013,24.5,26.74,24.5,26.13,25.17,0.96,3.81
07-Oct-2013,26.13,27.93,26.13,26.83,26.13,0.7,2.68
08-Oct-2013,26.83,27.38,24.65,26.55,26.83,-0.28,-1.04
09-Oct-2013,26.03,27.16,25.75,25.87,26.55,-0.68,-2.56
10-Oct-2013,25.87,26.95,25.02,25.88,25.87,0.01,0.04
11-Oct-2013,23.08,25.42,23.08,23.59,25.88,-2.29,-8.85
14-Oct-2013,23.59,24.42,22.72,22.85,23.59,-0.74,-3.14
15-Oct-2013,22.85,23.99,20.91,23.24,22.85,0.39,1.71
17-Oct-2013,23.24,23.24,21.02,21.06,23.24,-2.18,-9.38
18-Oct-2013,21.06,21.06,19.32,20.12,21.06,-0.94,-4.46
21-Oct-2013,19.16,21.1,19.16,20.18,20.12,0.06,0.3
22-Oct-2013,20.18,20.43,19.21,19.96,20.18,-0.22,-1.09
23-Oct-2013,19.96,20.79,18.76,20.35,19.96,0.39,1.95
24-Oct-2013,20.35,21.27,19.2,20.64,20.35,0.29,1.43
25-Oct-2013,20.64,21.04,19.87,20.42,20.64,-0.22,-1.07
28-Oct-2013,20.42,21.56,20.11,21.29,20.42,0.87,4.26
29-Oct-2013,21.29,21.54,19.6,19.76,21.29,-1.53,-7.19
30-Oct-2013,19.76,20.06,18.84,19.53,19.76,-0.23,-1.16
31-Oct-2013,19.53,19.75,18.21,18.39,19.53,-1.14,-5.84
01-Nov-2013,18.39,19.39,17.86,18.64,18.39,0.25,1.36
03-Nov-2013,18.64,19.53,18.24,19.49,18.64,0.85,4.56
05-Nov-2013,19.49,20.26,19.28,19.94,19.49,0.45,2.31
06-Nov-2013,19.94,20.46,18.55,20.25,19.94,0.31,1.55
07-Nov-2013,20.25,20.63,19.62,19.87,20.25,-0.38,-1.88
08-Nov-2013,19.87,20.49,19.16,19.64,19.87,-0.23,-1.16
11-Nov-2013,19.64,20.71,19.32,19.98,19.64,0.34,1.73
12-Nov-2013,19.98,20.86,18.73,20.86,19.98,0.88,4.4
13-Nov-2013,20.86,21.12,20.15,20.45,20.86,-0.41,-1.97
14-Nov-2013,18.62,19.6,18.58,19.26,20.45,-1.19,-5.82
18-Nov-2013,19.26,19.55,17.48,18.82,19.26,-0.44,-2.28
19-Nov-2013,17.7,19.39,17.7,19.3,18.82,0.48,2.55
20-Nov-2013,19.3,20.88,18.24,20.83,19.3,1.53,7.93
21-Nov-2013,20.83,22.36,19.76,21.14,20.83,0.31,1.49
22-Nov-2013,21.14,21.32,19.97,20.04,21.14,-1.1,-5.2
25-Nov-2013,20.04,21.27,19.49,21.05,20.04,1.01,5.04
26-Nov-2013,21.05,22.01,20.3,21.59,21.05,0.54,2.57
27-Nov-2013,21.59,22.01,20.54,21.14,21.59,-0.45,-2.08
28-Nov-2013,20.18,20.91,20.18,20.71,21.14,-0.43,-2.03
29-Nov-2013,20.37,21.53,20.25,21.38,20.71,0.67,3.24
02-Dec-2013,21.38,23.36,21.3,23.36,21.38,1.98,9.26
03-Dec-2013,23.36,25.09,22.96,24.72,23.36,1.36,5.82
04-Dec-2013,24.72,25.45,23.34,23.71,24.72,-1.01,-4.09
05-Dec-2013,20.58,22.07,20.08,21.68,23.71,-2.03,-8.56
06-Dec-2013,21.68,22.36,21.08,22.21,21.68,0.53,2.44
09-Dec-2013,22.21,22.21,18.09,19.16,22.21,-3.05,-13.73
10-Dec-2013,19.16,19.16,17.96,17.98,19.16,-1.18,-6.16
11-Dec-2013,17.98,18.53,17.08,17.54,17.98,-0.44,-2.45
12-Dec-2013,17.03,17.93,17.03,17.74,17.54,0.2,1.14
13-Dec-2013,16.79,18,16.79,17.84,17.74,0.1,0.56
16-Dec-2013,17.84,18.76,17.54,18.36,17.84,0.52,2.91
17-Dec-2013,18.36,18.61,17.13,18.33,18.36,-0.03,-0.16
18-Dec-2013,18.33,18.46,17.06,17.54,18.33,-0.79,-4.31
19-Dec-2013,17.54,17.54,15.63,16.58,17.54,-0.96,-5.47
20-Dec-2013,16.58,16.72,15.51,16.02,16.58,-0.56,-3.38
23-Dec-2013,16.02,17.13,15.91,16.26,16.02,0.24,1.5
24-Dec-2013,16.26,16.94,15.52,15.58,16.26,-0.68,-4.18
26-Dec-2013,15.58,16.27,14.62,14.88,15.58,-0.7,-4.49
27-Dec-2013,14.88,15.51,14.62,14.66,14.88,-0.22,-1.48
30-Dec-2013,14.66,15.52,14.66,15.08,14.66,0.42,2.86
31-Dec-2013,15.08,15.44,14.75,15.12,15.08,0.04,0.27
01-Jan-2014,15.12,15.58,15.1,15.58,15.12,0.46,3.04
02-Jan-2014,15.58,16.97,15.33,16.55,15.58,0.97,6.23
03-Jan-2014,16.55,17.32,15.79,15.87,16.55,-0.68,-4.11
06-Jan-2014,15.87,16.91,15.87,16.5,15.87,0.63,3.97
07-Jan-2014,16.5,16.91,16.1,16.32,16.5,-0.18,-1.09
08-Jan-2014,16.32,16.48,15.82,16.32,16.32,0,0
09-Jan-2014,16.32,16.64,15.9,16.18,16.32,-0.14,-0.86
10-Jan-2014,16.18,16.37,15.02,15.58,16.18,-0.6,-3.71
13-Jan-2014,15.58,16.03,14.61,15.95,15.58,0.37,2.37
14-Jan-2014,15.95,16.27,15.13,15.74,15.95,-0.21,-1.32
15-Jan-2014,15.74,15.88,14.7,15.42,15.74,-0.32,-2.03
16-Jan-2014,15.42,15.82,14.4,15.54,15.42,0.12,0.78
17-Jan-2014,15.54,15.83,14.1,15.41,15.54,-0.13,-0.84
20-Jan-2014,15.41,16.07,14.77,15.35,15.41,-0.06,-0.39
21-Jan-2014,15.35,15.71,13.88,15.55,15.35,0.2,1.3
22-Jan-2014,15.55,15.87,14.92,15.85,15.55,0.3,1.93
23-Jan-2014,15.85,16.03,15.14,15.58,15.85,-0.27,-1.7
24-Jan-2014,15.58,16.18,15.24,15.83,15.58,0.25,1.6
27-Jan-2014,15.83,18.67,15.83,18.67,15.83,2.84,17.94
28-Jan-2014,18.67,18.72,17.61,17.72,18.67,-0.95,-5.09
29-Jan-2014,17.72,18.15,16.73,18.04,17.72,0.32,1.81
30-Jan-2014,18.04,18.34,17.07,17.25,18.04,-0.79,-4.38
31-Jan-2014,17.25,17.33,16.64,16.82,17.25,-0.43,-2.49
03-Feb-2014,16.82,18.34,16.82,18.27,16.82,1.45,8.62
04-Feb-2014,18.27,19.82,18.05,18.69,18.27,0.42,2.3
05-Feb-2014,18.69,20.09,17.74,18.93,18.69,0.24,1.28
06-Feb-2014,18.93,20.23,18,18.94,18.93,0.01,0.05
07-Feb-2014,18.94,19.11,17.7,18.55,18.94,-0.39,-2.06
10-Feb-2014,18.55,19.2,17.58,19.05,18.55,0.5,2.7
11-Feb-2014,19.05,19.05,17.4,18.63,19.05,-0.42,-2.2
12-Feb-2014,18.63,18.63,16.12,17.43,18.63,-1.2,-6.44
13-Feb-2014,17.43,17.96,15.22,17.8,17.43,0.37,2.12
14-Feb-2014,17.8,17.83,15.61,16.66,17.8,-1.14,-6.4
17-Feb-2014,16.66,17.02,15.54,15.83,16.66,-0.83,-4.98
18-Feb-2014,15.83,15.83,13.68,15.41,15.83,-0.42,-2.65
19-Feb-2014,15.41,15.41,14.05,15.07,15.41,-0.34,-2.21
20-Feb-2014,15.07,15.72,14.27,15.16,15.07,0.09,0.6
21-Feb-2014,15.16,15.16,13.88,14.04,15.16,-1.12,-7.39
24-Feb-2014,14.04,14.8275,13.685,14.3575,14.04,0.32,2.26
25-Feb-2014,14.3575,14.3575,13.5325,13.95,14.3575,-0.41,-2.84
26-Feb-2014,13.95,14.195,13.2375,13.955,13.95,0.01,0.04
28-Feb-2014,13.955,14.87,13.545,14.1775,13.955,0.22,1.59
03-Mar-2014,14.1775,15.7325,13.9425,15.2825,14.1775,1.11,7.79
04-Mar-2014,15.2825,15.3675,13.9275,14.3925,15.2825,-0.89,-5.82
05-Mar-2014,14.3925,14.4325,13.335,13.8425,14.3925,-0.55,-3.82
06-Mar-2014,13.8425,14.6425,12.5,14.475,13.8425,0.63,4.57
07-Mar-2014,14.475,16.905,13.2625,16.72,14.475,2.25,15.51
10-Mar-2014,16.72,17.9875,15.95,17.7775,16.72,1.06,6.32
11-Mar-2014,17.7775,17.9225,14.2675,17.325,17.7775,-0.45,-2.55
12-Mar-2014,17.325,17.44,16.0875,17.04,17.325,-0.29,-1.65
13-Mar-2014,17.04,17.0825,14.65,16.82,17.04,-0.22,-1.29
14-Mar-2014,16.82,17.2875,14.2875,16.4475,16.82,-0.37,-2.21
18-Mar-2014,16.4475,17.555,15.73,17.1275,16.4475,0.68,4.13
19-Mar-2014,17.1275,17.325,15.6675,16.8825,17.1275,-0.25,-1.43
20-Mar-2014,16.8825,17.145,15.4125,16.91,16.8825,0.03,0.16
21-Mar-2014,16.91,16.91,14.3875,16.185,16.91,-0.73,-4.29
22-Mar-2014,16.185,16.185,13.135,15.875,16.185,-0.31,-1.92
24-Mar-2014,15.875,17.2,15.235,16.5375,15.875,0.66,4.17
25-Mar-2014,16.5375,17.1275,15.415,16.92,16.5375,0.38,2.31
26-Mar-2014,16.92,18.2525,15.72,17.765,16.92,0.85,4.99
27-Mar-2014,17.765,18.725,17.235,18.3725,17.765,0.61,3.42
28-Mar-2014,18.3725,19.15,17.095,18.63,18.3725,0.26,1.4
31-Mar-2014,18.63,21.8,17.49,21.6225,18.63,2.99,16.06
01-Apr-2014,21.6225,21.6725,19.5425,20.685,21.6225,-0.94,-4.34
02-Apr-2014,20.685,21.295,16.8575,21.2125,20.685,0.53,2.55
03-Apr-2014,21.2125,22.3125,17.3075,22.1075,21.2125,0.9,4.22
04-Apr-2014,22.1075,22.83,16.6675,22.6875,22.1075,0.58,2.62
07-Apr-2014,22.6875,25.49,17.6925,24.9525,22.6875,2.27,9.98
09-Apr-2014,24.9525,27.0875,22.3925,26.9125,24.9525,1.96,7.85
10-Apr-2014,26.9125,29.71,21.11,28.7175,26.9125,1.81,6.71
11-Apr-2014,28.7175,29.48,20.825,29.185,28.7175,0.47,1.63
15-Apr-2014,29.185,32.62,22.8725,31.875,29.185,2.69,9.22
16-Apr-2014,31.875,32.0775,21.675,31.16,31.875,-0.72,-2.24
17-Apr-2014,31.16,31.33,21.645,30.8525,31.16,-0.31,-0.99
21-Apr-2014,30.8525,38.0425,30.8525,34.385,30.8525,3.53,11.45
22-Apr-2014,34.385,37.23,32.94,33.355,34.385,-1.03,-3
23-Apr-2014,33.355,34.25,28.07,31.1325,33.355,-2.22,-6.66
25-Apr-2014,31.1325,32.98,30.115,30.68,31.1325,-0.45,-1.45
28-Apr-2014,30.68,31.925,30.5025,31.385,30.68,0.71,2.3
29-Apr-2014,31.385,32.435,30.4925,31.05,31.385,-0.34,-1.07
30-Apr-2014,31.05,31.4625,30.025,30.5925,31.05,-0.46,-1.47
02-May-2014,30.5925,33.4225,29.1825,33.055,30.5925,2.46,8.05
05-May-2014,33.055,35.305,30.9875,34.1875,33.055,1.13,3.43
06-May-2014,34.1875,34.3025,31.365,33.2675,34.1875,-0.92,-2.69
07-May-2014,33.2675,34.455,30.3125,33.6125,33.2675,0.35,1.04
08-May-2014,33.6125,35.01,29.61,34.3,33.6125,0.69,2.05
09-May-2014,34.3,38.9575,32.6775,37.705,34.3,3.41,9.93
12-May-2014,37.705,39.3,33.815,37.105,37.705,-0.6,-1.59
13-May-2014,37.105,37.105,28.245,32.0475,37.105,-5.06,-13.63
14-May-2014,32.0475,32.995,28.61,32.42,32.0475,0.37,1.16
15-May-2014,32.42,37.48,31.1375,36.765,32.42,4.35,13.4
16-May-2014,36.765,36.765,21.7375,24.2925,36.765,-12.47,-33.92
19-May-2014,24.2925,24.2925,19.62,20.63,24.2925,-3.66,-15.08
20-May-2014,20.63,21.13,16.17,19.2325,20.63,-1.4,-6.77
21-May-2014,19.2325,19.2325,14.5575,17.91,19.2325,-1.32,-6.88
22-May-2014,17.91,18.6825,14.7575,17.835,17.91,-0.08,-0.42
23-May-2014,17.835,18.1025,13.9675,17.705,17.835,-0.13,-0.73
26-May-2014,17.705,20.5975,14.59,19.84,17.705,2.14,12.06
27-May-2014,19.84,21.415,17.775,19.1,19.84,-0.74,-3.73
28-May-2014,19.1,19.5575,17.3375,17.5575,19.1,-1.54,-8.08
29-May-2014,17.5575,17.775,16.17,16.69,17.5575,-0.87,-4.94
30-May-2014,16.69,16.9475,15.8725,16.335,16.69,-0.36,-2.13
02-Jun-2014,16.335,17.1025,15.7125,16.4975,16.335,0.16,0.99
03-Jun-2014,16.4975,16.895,15.1625,15.795,16.4975,-0.7,-4.26
04-Jun-2014,15.795,15.92,14.4425,15.565,15.795,-0.23,-1.46
05-Jun-2014,15.565,16.0425,14.125,15.4475,15.565,-0.12,-0.75
06-Jun-2014,15.4475,16.455,13.7425,15.9825,15.4475,0.54,3.46
09-Jun-2014,15.9825,17.4225,14.6325,17.095,15.9825,1.11,6.96
10-Jun-2014,17.095,18.125,14.385,16.6625,17.095,-0.43,-2.53
11-Jun-2014,16.6625,17.5,14.0025,17.06,16.6625,0.4,2.39
12-Jun-2014,17.06,17.4825,15.69,16.9025,17.06,-0.16,-0.92
13-Jun-2014,16.9025,17.9625,14.5175,17.7625,16.9025,0.86,5.09
16-Jun-2014,17.7625,18.535,15.255,17.9825,17.7625,0.22,1.24
17-Jun-2014,17.9825,18.4775,16.605,17.695,17.9825,-0.29,-1.6
18-Jun-2014,17.695,19.135,14.55,18.58,17.695,0.89,5
19-Jun-2014,18.58,19.375,16.9575,18.7425,18.58,0.16,0.87
20-Jun-2014,18.7425,19.245,15.5925,18.8475,18.7425,0.11,0.56
23-Jun-2014,18.8475,19.535,17.815,18.9625,18.8475,0.12,0.61
24-Jun-2014,18.9625,20.605,18.68,19.1875,18.9625,0.23,1.19
25-Jun-2014,19.1875,20.1175,18.105,18.3125,19.1875,-0.88,-4.56
26-Jun-2014,18.3125,18.4975,17.1025,17.7025,18.3125,-0.61,-3.33
27-Jun-2014,17.7025,18.37,17.375,17.6275,17.7025,-0.08,-0.42
30-Jun-2014,17.6275,18.4525,17.5925,17.8725,17.6275,0.25,1.39
01-Jul-2014,17.8725,18.15,17.24,17.6625,17.8725,-0.21,-1.17
02-Jul-2014,17.6625,17.79,17.09,17.57,17.6625,-0.09,-0.52
03-Jul-2014,17.57,18.2625,17.2325,17.805,17.57,0.24,1.34
04-Jul-2014,17.805,18.685,17.06,18.155,17.805,0.35,1.97
07-Jul-2014,18.155,19.575,17.5525,19.4075,18.155,1.25,6.9
08-Jul-2014,19.4075,19.9475,18.155,19.18,19.4075,-0.23,-1.17
09-Jul-2014,19.18,19.305,18.01,18.1875,19.18,-0.99,-5.17
10-Jul-2014,18.1875,18.1875,15.41,15.965,18.1875,-2.22,-12.22
11-Jul-2014,15.965,16.0225,14.845,15.7225,15.965,-0.24,-1.52
14-Jul-2014,15.7225,16.7075,14.9825,15.5625,15.7225,-0.16,-1.02
15-Jul-2014,15.5625,15.5625,13.8425,14.7675,15.5625,-0.8,-5.11
16-Jul-2014,14.7675,15.0825,13.815,14.73,14.7675,-0.04,-0.25
17-Jul-2014,14.73,15.18,11.9425,14.965,14.73,0.24,1.6
18-Jul-2014,14.965,15.5275,12.9775,15.095,14.965,0.13,0.87
21-Jul-2014,15.095,15.505,13.625,14.8975,15.095,-0.2,-1.31
22-Jul-2014,14.8975,14.8975,12.2475,14.64,14.8975,-0.26,-1.73
23-Jul-2014,14.64,15.095,12.465,14.69,14.64,0.05,0.34
24-Jul-2014,14.69,15.1475,12.4375,14.72,14.69,0.03,0.2
25-Jul-2014,14.72,14.9975,12.7775,14.22,14.72,-0.5,-3.4
28-Jul-2014,14.22,15.1,14.105,14.3225,14.22,0.1,0.72
30-Jul-2014,14.3225,14.76,13.6925,13.8875,14.3225,-0.44,-3.04
31-Jul-2014,13.8875,14.0675,13.125,13.8225,13.8875,-0.07,-0.47
01-Aug-2014,13.8225,15.38,13.7125,15.22,13.8225,1.4,10.11
04-Aug-2014,15.22,15.4725,14.3075,14.815,15.22,-0.41,-2.66
05-Aug-2014,14.815,14.815,13.6675,13.9475,14.815,-0.87,-5.86
06-Aug-2014,13.9475,14.565,12.9175,14.2975,13.9475,0.35,2.51
07-Aug-2014,14.2975,14.455,13.02,14.1375,14.2975,-0.16,-1.12
08-Aug-2014,14.1375,15.18,13.025,14.6175,14.1375,0.48,3.4
11-Aug-2014,14.6175,14.7625,13.4825,13.9975,14.6175,-0.62,-4.24
12-Aug-2014,13.9975,14.4275,12.33,13.4675,13.9975,-0.53,-3.79
13-Aug-2014,13.4675,14.0875,12.72,13.7625,13.4675,0.3,2.19
14-Aug-2014,13.7625,13.7625,11.8375,13.22,13.7625,-0.54,-3.94
18-Aug-2014,13.22,14.195,11.9775,13.5025,13.22,0.28,2.14
19-Aug-2014,13.5025,14.2075,11.945,13.905,13.5025,0.4,2.98
20-Aug-2014,13.905,14.33,12.4575,13.66,13.905,-0.25,-1.76
21-Aug-2014,13.66,14.36,12.0075,13.7325,13.66,0.07,0.53
22-Aug-2014,13.7325,13.9725,12.2025,13.62,13.7325,-0.11,-0.82
25-Aug-2014,13.62,14.165,12.0075,13.7875,13.62,0.17,1.23
26-Aug-2014,13.7875,14.52,13.28,13.9025,13.7875,0.12,0.83
27-Aug-2014,13.9025,13.9025,12.7425,13.0625,13.9025,-0.84,-6.04
28-Aug-2014,13.0625,14.345,12.325,13.0675,13.0625,0.01,0.04
01-Sep-2014,13.0675,13.675,12.8575,13.53,13.0675,0.46,3.54
02-Sep-2014,13.53,13.91,12.485,13.4475,13.53,-0.08,-0.61
03-Sep-2014,13.4475,13.9525,12.5675,13.3925,13.4475,-0.06,-0.41
04-Sep-2014,13.3925,13.615,12.3975,13.0775,13.3925,-0.32,-2.35
05-Sep-2014,13.0775,13.3075,12.305,12.935,13.0775,-0.14,-1.09
08-Sep-2014,12.935,13.0725,12.1775,12.7925,12.935,-0.14,-1.1
09-Sep-2014,12.7925,13.0425,11.0125,12.7575,12.7925,-0.04,-0.27
10-Sep-2014,12.7575,13.11,11.805,12.93,12.7575,0.17,1.35
11-Sep-2014,12.93,13.14,11.815,12.5175,12.93,-0.41,-3.19
12-Sep-2014,12.5175,12.62,11.3975,12.365,12.5175,-0.15,-1.22
15-Sep-2014,12.365,13.3625,12.0375,13.255,12.365,0.89,7.2
16-Sep-2014,13.255,13.7325,12.0475,13.2825,13.255,0.03,0.21
17-Sep-2014,13.2825,13.2825,11.2625,12.9475,13.2825,-0.34,-2.52
18-Sep-2014,12.9475,12.9475,11.05,12.325,12.9475,-0.62,-4.81
19-Sep-2014,12.325,12.4025,11.3825,11.8875,12.325,-0.44,-3.55
22-Sep-2014,11.8875,12.4375,10.315,11.565,11.8875,-0.32,-2.71
23-Sep-2014,11.565,12.8725,11.08,12.41,11.565,0.85,7.31
24-Sep-2014,12.41,13.515,11.8875,12.535,12.41,0.13,1.01
25-Sep-2014,12.535,13.8825,11.58,13.2975,12.535,0.76,6.08
26-Sep-2014,13.2975,14.8325,12.5375,12.9275,13.2975,-0.37,-2.78
29-Sep-2014,12.9275,14.2275,12.7675,13.385,12.9275,0.46,3.54
30-Sep-2014,13.385,13.5675,12.7225,13.145,13.385,-0.24,-1.79
01-Oct-2014,13.145,13.4775,12.8325,13,13.145,-0.15,-1.1
07-Oct-2014,13,14.57,13,14.4625,13,1.46,11.25
08-Oct-2014,14.4625,14.8475,13.675,14.1125,14.4625,-0.35,-2.42
09-Oct-2014,14.1125,14.1125,12.7475,13.155,14.1125,-0.96,-6.78
10-Oct-2014,13.155,14.455,12.445,14.33,13.155,1.18,8.93
13-Oct-2014,14.33,15.23,14.0725,14.5,14.33,0.17,1.19
14-Oct-2014,14.5,15.3025,12.9325,14.5925,14.5,0.09,0.64
16-Oct-2014,14.5925,16.885,14.32,16.4325,14.5925,1.84,12.61
17-Oct-2014,16.4325,16.855,14.7375,16.4,16.4325,-0.03,-0.2
20-Oct-2014,16.4,16.4,12.94,14.19,16.4,-2.21,-13.48
21-Oct-2014,14.19,14.19,11.98,13.33,14.19,-0.86,-6.06
22-Oct-2014,13.33,13.33,12.04,13.03,13.33,-0.3,-2.25
23-Oct-2014,13.03,13.115,11.845,12.8625,13.03,-0.17,-1.29
27-Oct-2014,12.8625,13.795,11.9225,13.515,12.8625,0.65,5.07
28-Oct-2014,13.515,13.655,12.035,13.3225,13.515,-0.19,-1.42
29-Oct-2014,13.3225,13.595,12.54,13.005,13.3225,-0.32,-2.38
30-Oct-2014,13.005,13.4575,11.7625,13.265,13.005,0.26,2
31-Oct-2014,13.265,13.76,12.215,13.295,13.265,0.03,0.23
03-Nov-2014,13.295,13.945,12.455,13.7375,13.295,0.44,3.33
05-Nov-2014,13.7375,14.32,12.49,13.755,13.7375,0.02,0.13
07-Nov-2014,13.755,14.7025,13.1225,14.11,13.755,0.36,2.58
10-Nov-2014,14.11,17.21,12.975,13.93,14.11,-0.18,-1.28
11-Nov-2014,13.93,15.485,12.72,14.8,13.93,0.87,6.25
12-Nov-2014,14.8,14.8,12.5875,14.435,14.8,-0.37,-2.47
13-Nov-2014,14.435,14.435,12.7125,13.8,14.435,-0.64,-4.4
14-Nov-2014,13.8,14.2,11.3825,13.9725,13.8,0.17,1.25
17-Nov-2014,13.9725,14.91,11.48,14.41,13.9725,0.44,3.13
18-Nov-2014,14.41,14.905,10.84,14.065,14.41,-0.35,-2.39
19-Nov-2014,14.065,14.6325,10.245,14.345,14.065,0.28,1.99
20-Nov-2014,14.345,14.355,11.905,14.165,14.345,-0.18,-1.25
21-Nov-2014,14.165,15.145,11.05,13.8525,14.165,-0.31,-2.21
24-Nov-2014,13.8525,13.8525,9.3475,13.0175,13.8525,-0.84,-6.03
25-Nov-2014,13.0175,14.2475,11.4525,13.525,13.0175,0.51,3.9
26-Nov-2014,13.525,13.5375,10.6075,12.985,13.525,-0.54,-3.99
27-Nov-2014,12.985,13.1175,11.65,12.7425,12.985,-0.24,-1.87
28-Nov-2014,12.7425,13.125,11.595,12.8975,12.7425,0.16,1.22
01-Dec-2014,12.8975,13.615,12.1975,13.2025,12.8975,0.31,2.36
02-Dec-2014,13.2025,13.3325,12.205,12.395,13.2025,-0.81,-6.12
03-Dec-2014,12.395,12.6075,11.2875,12.3675,12.395,-0.03,-0.22
04-Dec-2014,12.3675,12.635,10.715,12.445,12.3675,0.08,0.63
05-Dec-2014,12.445,12.445,11.325,11.95,12.445,-0.5,-3.98
08-Dec-2014,11.95,12.6525,11.2275,12.2075,11.95,0.26,2.15
09-Dec-2014,12.2075,13.0825,10.8225,12.495,12.2075,0.29,2.36
10-Dec-2014,12.495,12.965,11.5725,12.2425,12.495,-0.25,-2.02
11-Dec-2014,12.2425,12.9025,11.1875,12.7725,12.2425,0.53,4.33
12-Dec-2014,12.7725,13.91,11.5325,13.7525,12.7725,0.98,7.67
15-Dec-2014,13.7525,14.3275,12.565,14.02,13.7525,0.27,1.95
16-Dec-2014,14.02,16.555,12.5725,16.3075,14.02,2.29,16.32
17-Dec-2014,16.3075,19.0625,14.195,16.925,16.3075,0.62,3.79
18-Dec-2014,16.925,16.925,13.9725,14.5975,16.925,-2.33,-13.75
19-Dec-2014,14.5975,14.775,11.845,14.51,14.5975,-0.09,-0.6
22-Dec-2014,14.51,15.5775,14.0225,14.21,14.51,-0.3,-2.07
23-Dec-2014,14.21,16.115,13.5475,15.2975,14.21,1.09,7.65
24-Dec-2014,15.2975,15.6125,14.3,15.07,15.2975,-0.23,-1.49
26-Dec-2014,15.07,16.355,14.3975,14.645,15.07,-0.43,-2.82
29-Dec-2014,14.645,15.0425,14.2175,14.5825,14.645,-0.06,-0.43
30-Dec-2014,14.5825,15.2225,14.1425,14.8625,14.5825,0.28,1.92
31-Dec-2014,14.8625,15.4025,14.6025,15.12,14.8625,0.26,1.73
01-Jan-2015,15.12,15.5075,14.755,15.025,15.12,-0.1,-0.63
02-Jan-2015,15.025,15.025,13.4825,13.795,15.025,-1.23,-8.19
05-Jan-2015,13.795,14.405,13.1525,14.1525,13.795,0.36,2.59
06-Jan-2015,14.1525,17.87,13.4575,17.42,14.1525,3.27,23.09
07-Jan-2015,17.42,19.07,16.5025,18.14,17.42,0.72,4.13
08-Jan-2015,18.14,18.14,15.3825,16.4725,18.14,-1.67,-9.19
09-Jan-2015,16.4725,16.9075,14.4625,15.955,16.4725,-0.52,-3.14
12-Jan-2015,15.955,17.5475,14.3725,16.11,15.955,0.16,0.97
13-Jan-2015,16.11,16.81,14.5725,16.4825,16.11,0.37,2.31
14-Jan-2015,16.4825,17.795,14.66,17.2475,16.4825,0.77,4.64
15-Jan-2015,17.2475,17.2475,13.825,16.16,17.2475,-1.09,-6.31
16-Jan-2015,16.16,17.4975,14.86,17.275,16.16,1.12,6.9
19-Jan-2015,17.275,18.29,14.555,17.65,17.275,0.38,2.17
20-Jan-2015,17.65,17.65,15.715,17.2725,17.65,-0.38,-2.14
21-Jan-2015,17.2725,18.1425,14.33,17.7125,17.2725,0.44,2.55
22-Jan-2015,17.7125,18.7625,14.205,18.565,17.7125,0.85,4.81
23-Jan-2015,18.565,18.74,13.46,17.885,18.565,-0.68,-3.66
27-Jan-2015,17.885,18.685,16.7775,18.085,17.885,0.2,1.12
28-Jan-2015,18.085,20.145,17.62,19.77,18.085,1.69,9.32
29-Jan-2015,19.77,20.5675,17.7025,19.4325,19.77,-0.34,-1.71
30-Jan-2015,19.4325,21.21,18.325,20.1725,19.4325,0.74,3.81
02-Feb-2015,20.1725,21.365,19.855,20.405,20.1725,0.23,1.15
03-Feb-2015,20.405,20.48,19.0025,19.8075,20.405,-0.6,-2.93
04-Feb-2015,19.8075,20.2925,17.9725,20.05,19.8075,0.24,1.22
05-Feb-2015,20.05,20.89,18.26,20.615,20.05,0.57,2.82
06-Feb-2015,20.615,21.24,18.72,20.685,20.615,0.07,0.34
09-Feb-2015,20.685,22.1225,18.5875,22.015,20.685,1.33,6.43
10-Feb-2015,22.015,22.015,19.85,21.1925,22.015,-0.82,-3.74
11-Feb-2015,21.1925,21.5075,18.535,20.5025,21.1925,-0.69,-3.26
12-Feb-2015,20.5025,20.96,17.93,20.1575,20.5025,-0.35,-1.68
13-Feb-2015,20.1575,20.4475,16.98,20.1025,20.1575,-0.06,-0.27
16-Feb-2015,20.1025,21.1175,17.475,20.825,20.1025,0.72,3.59
18-Feb-2015,20.825,21.6475,18.6525,20.9125,20.825,0.09,0.42
19-Feb-2015,20.9125,21.9075,19.4025,20.3975,20.9125,-0.52,-2.46
20-Feb-2015,20.3975,21.5,19.235,21.2675,20.3975,0.87,4.27
23-Feb-2015,21.2675,22.02,19.405,21.6325,21.2675,0.37,1.72
24-Feb-2015,21.6325,22.0675,20.9175,21.55,21.6325,-0.08,-0.38
25-Feb-2015,21.55,21.55,20.215,20.775,21.55,-0.78,-3.6
26-Feb-2015,20.775,21.235,19.9425,20.58,20.775,-0.2,-0.94
27-Feb-2015,20.58,20.58,19.3,19.57,20.58,-1.01,-4.91
28-Feb-2015,19.57,19.57,16.6925,16.97,19.57,-2.6,-13.29
02-Mar-2015,16.97,16.97,15.7425,15.8475,16.97,-1.12,-6.61
03-Mar-2015,15.8475,15.9475,14.98,15.4925,15.8475,-0.36,-2.24
04-Mar-2015,15.4925,15.4925,14.2975,15.1975,15.4925,-0.3,-1.9
05-Mar-2015,15.1975,15.2475,13.97,14.4375,15.1975,-0.76,-5
09-Mar-2015,14.4375,16.0075,13.315,15.8125,14.4375,1.38,9.52
10-Mar-2015,15.8125,16.15,14.955,15.5325,15.8125,-0.28,-1.77
11-Mar-2015,15.5325,15.61,14.245,15.13,15.5325,-0.4,-2.59
12-Mar-2015,15.13,15.13,13.7825,14.75,15.13,-0.38,-2.51
13-Mar-2015,14.75,15.235,13.45,14.965,14.75,0.22,1.46
16-Mar-2015,14.965,15.37,14.3275,15.1775,14.965,0.21,1.42
17-Mar-2015,15.1775,15.4625,13.43,15.1275,15.1775,-0.05,-0.33
18-Mar-2015,15.1275,15.7025,13.7225,15.5125,15.1275,0.39,2.55
19-Mar-2015,15.5125,15.5125,12.89,15.1975,15.5125,-0.32,-2.03
20-Mar-2015,15.1975,15.36,13.0825,14.26,15.1975,-0.94,-6.17
23-Mar-2015,14.26,14.58,12.435,14.27,14.26,0.01,0.07
24-Mar-2015,14.27,14.49,12.4525,13.6725,14.27,-0.6,-4.19
25-Mar-2015,13.6725,13.9475,12.36,13.1425,13.6725,-0.53,-3.88
26-Mar-2015,13.1425,15.6075,12.5175,15.1625,13.1425,2.02,15.37
27-Mar-2015,15.1625,15.4025,14.37,14.5,15.1625,-0.66,-4.37
30-Mar-2015,14.5,15.19,14.1075,14.2625,14.5,-0.24,-1.64
31-Mar-2015,14.2625,14.74,13.855,14.4925,14.2625,0.23,1.61
01-Apr-2015,14.4925,14.6825,13.565,13.665,14.4925,-0.83,-5.71
06-Apr-2015,13.665,15.0525,13.595,14.5725,13.665,0.91,6.64
07-Apr-2015,14.5725,14.895,13.98,14.25,14.5725,-0.32,-2.21
08-Apr-2015,14.25,14.695,13.35,14.3475,14.25,0.1,0.68
09-Apr-2015,14.3475,14.8925,13.2875,14.4175,14.3475,0.07,0.49
10-Apr-2015,14.4175,14.79,13.4275,14.255,14.4175,-0.16,-1.13
13-Apr-2015,14.255,14.93,13.055,14.4875,14.255,0.23,1.63
15-Apr-2015,14.4875,14.985,13.34,14.62,14.4875,0.13,0.91
16-Apr-2015,14.62,15.3,12.9675,14.95,14.62,0.33,2.26
17-Apr-2015,14.95,15.1775,13.62,15.04,14.95,0.09,0.6
20-Apr-2015,15.04,16.4225,13.6625,16.2975,15.04,1.26,8.36
21-Apr-2015,16.2975,17.34,15.2275,17.03,16.2975,0.73,4.49
22-Apr-2015,17.03,18.3775,14.69,17.21,17.03,0.18,1.06
23-Apr-2015,17.21,19.435,14.965,18.5,17.21,1.29,7.5
24-Apr-2015,18.5,19.5925,17.36,19.105,18.5,0.61,3.27
27-Apr-2015,19.105,20.0875,16.2175,18.735,19.105,-0.37,-1.94
28-Apr-2015,18.735,18.895,16.745,17.41,18.735,-1.33,-7.07
29-Apr-2015,17.41,17.885,15.725,17.235,17.41,-0.18,-1.01
30-Apr-2015,17.235,18.1225,16.3075,17.225,17.235,-0.01,-0.06
04-May-2015,17.225,18.2825,16.96,17.3075,17.225,0.08,0.48
05-May-2015,17.3075,18.07,16.2725,17.365,17.3075,0.06,0.33
06-May-2015,17.365,20.4625,16.7075,19.67,17.365,2.31,13.27
07-May-2015,19.67,20.0325,18.335,19.65,19.67,-0.02,-0.1
08-May-2015,19.65,19.65,17.4375,19.11,19.65,-0.54,-2.75
11-May-2015,19.11,19.28,16.7675,18.625,19.11,-0.49,-2.54
12-May-2015,18.625,21.3275,17.22,20.545,18.625,1.92,10.31
13-May-2015,20.545,21.4325,18.0975,20.685,20.545,0.14,0.68
14-May-2015,20.685,21.905,19.815,20.7,20.685,0.02,0.07
15-May-2015,20.7,20.9825,19.095,19.815,20.7,-0.89,-4.28
18-May-2015,19.815,20.47,16.77,17.9025,19.815,-1.91,-9.65
19-May-2015,17.9025,18.525,14.865,18.27,17.9025,0.37,2.05
20-May-2015,18.27,18.27,15.5725,17.7175,18.27,-0.55,-3.02
21-May-2015,17.7175,18.06,16.1425,17.4125,17.7175,-0.31,-1.72
22-May-2015,17.4125,17.44,14.195,16.9475,17.4125,-0.47,-2.67
25-May-2015,16.9475,17.6975,14.68,16.9325,16.9475,-0.02,-0.09
26-May-2015,16.9325,17.8425,15.2875,17.0675,16.9325,0.14,0.8
27-May-2015,17.0675,17.9675,16.905,17.2825,17.0675,0.22,1.26
28-May-2015,17.2825,17.72,16.5975,17.1325,17.2825,-0.15,-0.87
29-May-2015,17.1325,17.71,16.4375,16.6575,17.1325,-0.48,-2.77
01-Jun-2015,16.6575,17.46,16.0575,16.9125,16.6575,0.26,1.53
02-Jun-2015,16.9125,17.1375,16.0325,16.82,16.9125,-0.09,-0.55
03-Jun-2015,16.82,17.9175,15.8575,17.505,16.82,0.69,4.07
04-Jun-2015,16.82,18.67,16.465,18.1225,17.505,0.62,3.53
05-Jun-2015,18.1225,18.375,17.6875,18.0875,18.1225,-0.04,-0.19
08-Jun-2015,18.0875,19.065,17.1575,18.885,18.0875,0.8,4.41
09-Jun-2015,18.885,19.1175,16.475,18.01,18.885,-0.88,-4.63
10-Jun-2015,18.01,18.02,16.7125,17.0775,18.01,-0.93,-5.18
11-Jun-2015,17.0775,17.95,15.9475,17.805,17.0775,0.73,4.26
12-Jun-2015,17.805,18.2075,16.075,17.4775,17.805,-0.33,-1.84
15-Jun-2015,17.4775,18.02,15.3475,17.525,17.4775,0.05,0.27
16-Jun-2015,17.525,17.855,14.0925,17.1675,17.525,-0.36,-2.04
17-Jun-2015,17.1675,17.1875,14.2975,16.7275,17.1675,-0.44,-2.56
18-Jun-2015,16.7275,16.7275,14.235,16.015,16.7275,-0.71,-4.26
19-Jun-2015,16.015,16.015,14.905,15.085,16.015,-0.93,-5.81
22-Jun-2015,15.085,15.7475,13.735,15.4875,15.085,0.4,2.67
23-Jun-2015,15.4875,16.5425,14.8275,15.0425,15.4875,-0.45,-2.87
24-Jun-2015,15.0425,16.61,14.945,15.915,15.0425,0.87,5.8
25-Jun-2015,15.915,16.7075,15.4775,15.93,15.915,0.02,0.09
26-Jun-2015,15.93,16.525,15.515,15.76,15.93,-0.17,-1.07
29-Jun-2015,15.76,18.775,15.76,17.2975,15.76,1.54,9.76
30-Jun-2015,17.2975,17.8375,16.7775,16.9275,17.2975,-0.37,-2.14
01-Jul-2015,16.9275,17.1,15.7175,15.845,16.9275,-1.08,-6.39
02-Jul-2015,15.845,16.0775,15.1625,15.5575,15.845,-0.29,-1.81
03-Jul-2015,15.5575,16.3875,14.785,16.305,15.5575,0.75,4.8
06-Jul-2015,16.305,17.045,15.89,16.0175,16.305,-0.29,-1.76
07-Jul-2015,16.0175,16.565,15.215,16.3075,16.0175,0.29,1.81
08-Jul-2015,16.3075,18.375,15.4425,17.79,16.3075,1.48,9.09
09-Jul-2015,17.79,18.075,16.2875,17.4375,17.79,-0.35,-1.98
10-Jul-2015,17.4375,17.6325,16.2375,17.07,17.4375,-0.37,-2.11
13-Jul-2015,17.07,17.7175,15.5725,16.2725,17.07,-0.8,-4.67
14-Jul-2015,16.2725,16.615,14.695,16.01,16.2725,-0.26,-1.61
15-Jul-2015,16.01,16.03,14.185,15.5675,16.01,-0.44,-2.76
16-Jul-2015,15.5675,15.5675,14.2975,14.7825,15.5675,-0.79,-5.04
17-Jul-2015,14.7825,15.135,13.285,14.8025,14.7825,0.02,0.14
20-Jul-2015,14.8025,15.6175,12.7325,14.96,14.8025,0.16,1.06
21-Jul-2015,14.96,15.3075,13.0125,15.0975,14.96,0.14,0.92
22-Jul-2015,15.0975,15.3525,13.5025,15.13,15.0975,0.03,0.22
23-Jul-2015,15.13,15.74,13.1,15.52,15.13,0.39,2.58
24-Jul-2015,15.52,15.93,12.07,15.4575,15.52,-0.06,-0.4
27-Jul-2015,15.4575,17.0525,12.925,16.37,15.4575,0.91,5.9
28-Jul-2015,16.37,16.57,15.5925,15.915,16.37,-0.46,-2.78
29-Jul-2015,15.915,16.34,14.13,15.8775,15.915,-0.04,-0.24
30-Jul-2015,15.8775,15.8775,14.66,15.325,15.8775,-0.55,-3.48
31-Jul-2015,15.325,15.58,14.5,14.57,15.325,-0.76,-4.93
03-Aug-2015,14.57,15.645,14.28,15.39,14.57,0.82,5.63
04-Aug-2015,15.39,15.695,14.28,14.83,15.39,-0.56,-3.64
05-Aug-2015,14.83,14.8825,13.6875,14.665,14.83,-0.17,-1.11
06-Aug-2015,14.665,15.0075,12.89,14.73,14.665,0.07,0.44
07-Aug-2015,14.73,15.065,13.17,14.91,14.73,0.18,1.22
10-Aug-2015,14.91,15.6225,14.2425,15.465,14.91,0.56,3.72
11-Aug-2015,15.465,16.0925,13.5525,15.8925,15.465,0.43,2.76
12-Aug-2015,15.8925,17.7175,14.785,17.445,15.8925,1.55,9.77
13-Aug-2015,17.445,17.445,16.245,17.0175,17.445,-0.43,-2.45
14-Aug-2015,17.0175,17.0175,15.135,16.02,17.0175,-1,-5.86
17-Aug-2015,16.02,17.2025,15.29,16.4625,16.02,0.44,2.76
18-Aug-2015,16.4625,16.6625,15.1,16.36,16.4625,-0.1,-0.62
19-Aug-2015,16.36,16.9925,14.9475,16.68,16.36,0.32,1.96
20-Aug-2015,16.68,17.205,15.465,16.975,16.68,0.3,1.77
21-Aug-2015,16.975,18.73,15.19,17.115,16.975,0.14,0.82
24-Aug-2015,17.115,30.6525,17.115,28.13,17.115,11.02,64.36
25-Aug-2015,28.13,35.57,26.0825,26.8475,28.13,-1.28,-4.56
26-Aug-2015,26.8475,29.05,23.53,25.515,26.8475,-1.33,-4.96
27-Aug-2015,25.515,25.515,21.515,22.0425,25.515,-3.47,-13.61
28-Aug-2015,22.0425,23.6725,19.8025,23.33,22.0425,1.29,5.84
31-Aug-2015,23.33,24.7375,22.6775,24.595,23.33,1.27,5.42
01-Sep-2015,24.595,30.4375,24.4425,28.7175,24.595,4.12,16.76
02-Sep-2015,28.7175,28.7175,26.375,26.65,28.7175,-2.07,-7.2
03-Sep-2015,26.65,26.65,23.7175,24.115,26.65,-2.54,-9.51
04-Sep-2015,24.115,27.2525,23.415,26.4225,24.115,2.31,9.57
07-Sep-2015,26.4225,26.825,24.5075,26.35,26.4225,-0.07,-0.27
08-Sep-2015,26.35,26.435,23.8375,24.5675,26.35,-1.78,-6.76
09-Sep-2015,24.5675,24.6575,21.3525,24.3,24.5675,-0.27,-1.09
10-Sep-2015,24.3,25.835,24.0175,24.745,24.3,0.45,1.83
11-Sep-2015,24.745,25.26,23.26,24.975,24.745,0.23,0.93
14-Sep-2015,24.975,25.265,23.455,24.32,24.975,-0.66,-2.62
15-Sep-2015,24.32,24.5575,22.695,23.7425,24.32,-0.58,-2.37
16-Sep-2015,23.7425,23.7425,21.6025,21.9975,23.7425,-1.75,-7.35
18-Sep-2015,21.9975,21.9975,17.8775,18.2925,21.9975,-3.71,-16.84
21-Sep-2015,18.2925,18.92,16.9925,18.1775,18.2925,-0.12,-0.63
22-Sep-2015,18.1775,21.2475,17.2125,20.345,18.1775,2.17,11.92
23-Sep-2015,20.345,22.19,19.77,20.6875,20.345,0.34,1.68
24-Sep-2015,20.6875,21.5675,19.3825,20.8825,20.6875,0.2,0.94
28-Sep-2015,20.8825,22.2375,20.77,21.6675,20.8825,0.79,3.76
29-Sep-2015,21.6675,23.6325,20.4425,21.57,21.6675,-0.1,-0.45
30-Sep-2015,21.57,21.57,19.3725,19.625,21.57,-1.95,-9.02
01-Oct-2015,19.625,20.11,18.235,19.235,19.625,-0.39,-1.99
05-Oct-2015,19.235,19.4575,18.0625,19.1275,19.235,-0.11,-0.56
06-Oct-2015,19.1275,19.9,17.385,19.305,19.1275,0.18,0.93
07-Oct-2015,19.305,19.7375,17.8975,19.3375,19.305,0.03,0.17
08-Oct-2015,19.3375,19.93,17.3525,19.5625,19.3375,0.23,1.16
09-Oct-2015,19.5625,19.685,17.685,18.925,19.5625,-0.64,-3.26
12-Oct-2015,18.925,19.985,17.185,19.1225,18.925,0.2,1.04
13-Oct-2015,19.1225,19.22,17.8475,18.015,19.1225,-1.11,-5.79
14-Oct-2015,18.015,18.28,15.7575,17.72,18.015,-0.3,-1.64
15-Oct-2015,17.72,17.72,14.855,17.17,17.72,-0.55,-3.1
16-Oct-2015,17.17,17.1825,14.03,16.275,17.17,-0.9,-5.21
19-Oct-2015,16.275,17.0725,15.3025,16.8775,16.275,0.6,3.7
20-Oct-2015,16.8775,17.175,14.525,16.995,16.8775,0.12,0.7
21-Oct-2015,16.995,17.425,13.6625,16.6225,16.995,-0.37,-2.19
23-Oct-2015,16.6225,16.6225,14.65,16.1925,16.6225,-0.43,-2.59
26-Oct-2015,16.1925,17.8225,15.005,17.23,16.1925,1.04,6.41
27-Oct-2015,17.23,17.295,15.995,16.535,17.23,-0.7,-4.03
28-Oct-2015,16.535,17.4775,15.555,17.04,16.535,0.51,3.05
29-Oct-2015,17.04,17.9475,14.7175,17.5825,17.04,0.54,3.18
30-Oct-2015,17.5825,18.325,16.8825,17.88,17.5825,0.3,1.69
02-Nov-2015,17.88,20.13,17.3775,19.4775,17.88,1.6,8.93
03-Nov-2015,19.4775,19.9575,18.07,19.555,19.4775,0.08,0.4
04-Nov-2015,19.555,19.6325,17.95,19.355,19.555,-0.2,-1.02
05-Nov-2015,19.355,19.7375,18.34,19.2925,19.355,-0.06,-0.32
06-Nov-2015,19.2925,19.5875,16.615,19.4725,19.2925,0.18,0.93
09-Nov-2015,19.4725,19.4725,15.99,17.04,19.4725,-2.43,-12.49
10-Nov-2015,17.04,17.0625,15.2975,16.825,17.04,-0.22,-1.26
11-Nov-2015,16.825,16.9475,14.5325,16.905,16.825,0.08,0.48
13-Nov-2015,16.905,17.7225,15.795,17.6525,16.905,0.75,4.42
16-Nov-2015,17.6525,18.6075,15.2875,17.8775,17.6525,0.23,1.27
17-Nov-2015,17.8775,17.8775,15.6225,16.9725,17.8775,-0.91,-5.06
18-Nov-2015,16.9725,17.75,14.9025,17.415,16.9725,0.44,2.61
19-Nov-2015,17.415,17.415,14.42,15.84,17.415,-1.58,-9.04
20-Nov-2015,15.84,16.1375,13.83,15.8975,15.84,0.06,0.36
23-Nov-2015,15.8975,17.555,15.775,17.075,15.8975,1.18,7.41
24-Nov-2015,17.075,17.075,15.6525,16.245,17.075,-0.83,-4.86
26-Nov-2015,16.245,16.785,15.085,16.6875,16.245,0.44,2.72
27-Nov-2015,16.6875,16.98,16.17,16.73,16.6875,0.04,0.25
30-Nov-2015,16.73,17.235,15.8525,16.43,16.73,-0.3,-1.79
01-Dec-2015,16.43,16.43,15.525,15.635,16.43,-0.8,-4.84
02-Dec-2015,15.635,15.9825,14.725,15.4875,15.635,-0.15,-0.94
03-Dec-2015,15.4875,16.155,15.1175,16.055,15.4875,0.57,3.66
04-Dec-2015,16.055,16.55,15.5625,16.085,16.055,0.03,0.19
07-Dec-2015,16.085,16.3625,15.79,15.865,16.085,-0.22,-1.37
08-Dec-2015,15.865,16.2425,15.47,15.9725,15.865,0.11,0.68
09-Dec-2015,15.9725,16.9175,15.37,16.725,15.9725,0.75,4.71
10-Dec-2015,16.725,16.725,15.4625,16.2925,16.725,-0.43,-2.59
11-Dec-2015,16.2925,17.77,15.0375,17.1825,16.2925,0.89,5.46
14-Dec-2015,17.1825,18.365,16.46,17.7975,17.1825,0.62,3.58
15-Dec-2015,17.7975,18.355,16.1125,17.3425,17.7975,-0.46,-2.56
16-Dec-2015,17.3425,17.3425,14.905,16.7275,17.3425,-0.62,-3.55
17-Dec-2015,16.7275,16.7275,14.0225,14.215,16.7275,-2.51,-15.02
18-Dec-2015,14.215,14.705,13.0375,14.4925,14.215,0.28,1.95
21-Dec-2015,14.4925,14.9775,12.98,14.225,14.4925,-0.27,-1.85
22-Dec-2015,14.225,14.605,12.225,14.4825,14.225,0.26,1.81
23-Dec-2015,14.4825,14.4825,12.625,13.6525,14.4825,-0.83,-5.73
24-Dec-2015,13.6525,13.94,11.2025,13.745,13.6525,0.09,0.68
28-Dec-2015,13.745,14.525,10.375,14.4025,13.745,0.66,4.78
29-Dec-2015,14.4025,14.71,13.3325,14.235,14.4025,-0.17,-1.16
30-Dec-2015,14.235,14.495,12.7825,14.35,14.235,0.12,0.81
31-Dec-2015,14.35,14.4875,12.9825,13.87,14.35,-0.48,-3.34
