Date,Open,High,Low,Close,Shares_Traded,Turnover
04-Jan-2010,5200.9,5238.45,5167.1,5232.2,148652424,6531.61
05-Jan-2010,5277.15,5288.35,5242.4,5277.9,240844424,7969.62
06-Jan-2010,5278.15,5310.85,5260.05,5281.8,216147837,7892.6
07-Jan-2010,5281.8,5302.55,5244.75,5263.1,181246734,6890.99
08-Jan-2010,5264.25,5276.75,5234.7,5244.75,201910800,7777.04
11-Jan-2010,5263.8,5287.2,5227.8,5249.4,238011959,11080.55
12-Jan-2010,5251.1,5300.5,5200.95,5210.4,206748015,8648.49
13-Jan-2010,5212.6,5239.2,5169.55,5233.95,200774550,8430.48
14-Jan-2010,5234.5,5272.85,5232.5,5259.9,171282618,7824.43
15-Jan-2010,5259.9,5279.85,5242.45,5252.2,167242355,6927.87
18-Jan-2010,5253.65,5292.5,5228.95,5274.85,153687597,6659.87
19-Jan-2010,5274.2,5287.8,5218.65,5225.65,141424524,6197.52
20-Jan-2010,5226.1,5256.7,5201.4,5221.7,167867201,7170.51
21-Jan-2010,5220.2,5220.35,5085.45,5094.15,190009431,7943.76
22-Jan-2010,5094.15,5094.15,4954.85,5036,270251977,10414.08
25-Jan-2010,5034.55,5035.7,4983.05,5007.9,166405391,5714.17
27-Jan-2010,5008.5,5008.5,4833.05,4853.1,274773820,9800.33
28-Jan-2010,4863,4929.9,4824.95,4867.25,275868897,10614.04
29-Jan-2010,4866.15,4893.7,4766,4882.05,265191792,10116.63
01-Feb-2010,4882.05,4918.8,4827.15,4899.7,226819473,7255.33
02-Feb-2010,4907.85,4951.15,4814.1,4830.1,235090748,7927.05
03-Feb-2010,4831,4949.15,4831,4931.85,163105434,6448.29
04-Feb-2010,4931.3,4931.3,4832.35,4845.35,167815142,6169.35
05-Feb-2010,4819.65,4827,4692.35,4718.65,222362365,7609.87
06-Feb-2010,4712.75,4768.15,4712.75,4757.25,22091127,643.11
08-Feb-2010,4755.35,4799.05,4675.4,4760.4,205364363,6823.11
09-Feb-2010,4760.55,4810.4,4739.35,4792.65,175452494,5819.47
10-Feb-2010,4793,4826.85,4748.1,4757.2,185053448,6196.72
11-Feb-2010,4757.25,4843.8,4757.25,4826.85,142638466,4917.21
15-Feb-2010,4827.9,4845.6,4783.9,4801.95,153758927,5004.68
16-Feb-2010,4801.8,4880,4791.35,4855.75,156011235,5240.97
17-Feb-2010,4858.65,4929.7,4857.6,4914,176502266,6291.08
18-Feb-2010,4915.1,4922.05,4873.7,4887.75,193513235,5763.98
19-Feb-2010,4887.3,4887.3,4805.55,4844.9,194311305,5737.99
22-Feb-2010,4849.35,4912.05,4845.9,4856.4,149362400,4591.6
23-Feb-2010,4856.6,4884.1,4833.15,4870.05,129233916,4617.62
24-Feb-2010,4869.55,4880.55,4834.65,4858.6,141213476,4842.23
25-Feb-2010,4859,4880.15,4835.6,4859.75,179443119,6427.68
26-Feb-2010,4858.5,4992,4858.45,4922.3,341137163,10987.94
02-Mar-2010,4935.6,5029.45,4935.35,5017,233127111,8468.18
03-Mar-2010,5015.8,5093.25,5015.1,5088.1,191791765,7375.98
04-Mar-2010,5096.95,5096.95,5049,5080.25,205104948,6826.25
05-Mar-2010,5080.55,5118.65,5068.05,5088.7,209604746,6307.8
08-Mar-2010,5092.15,5147.1,5092.15,5124,187964711,7130.87
09-Mar-2010,5121.05,5131.8,5094.35,5101.5,158734706,6364.07
10-Mar-2010,5101.6,5137.4,5092.05,5116.25,167174523,6445.89
11-Mar-2010,5116.35,5152.6,5102.1,5133.4,155698046,5500.07
12-Mar-2010,5131.8,5158.1,5122.1,5137,152561763,5927.11
15-Mar-2010,5134.45,5151.05,5101.2,5128.9,134878673,5301.12
16-Mar-2010,5128.95,5209.25,5125.7,5198.1,120692486,5250.18
17-Mar-2010,5198.45,5260.5,5177.15,5231.9,169767105,6291.05
18-Mar-2010,5232.55,5255.65,5214.4,5245.9,160336720,5521.68
19-Mar-2010,5246.8,5269.95,5237.1,5262.8,136871848,5558.7
22-Mar-2010,5260.95,5260.95,5187.05,5205.2,130039411,5212.14
23-Mar-2010,5205.85,5243.6,5193.4,5225.3,146479804,5673.78
25-Mar-2010,5225.3,5267.3,5202.95,5260.4,207844844,9239.93
26-Mar-2010,5260.55,5293.75,5260.55,5282,140965576,6366.38
29-Mar-2010,5283.9,5329.55,5242.15,5302.85,132186441,6001.64
30-Mar-2010,5302.95,5325,5251.35,5262.45,133483766,5629.19
31-Mar-2010,5260.4,5293.9,5235.15,5249.1,147618695,6542.18
01-Apr-2010,5249.2,5298.6,5249.2,5290.5,127773261,5365.11
05-Apr-2010,5291.4,5377.55,5291.4,5368.4,132419861,5762.97
06-Apr-2010,5369.65,5388.65,5351.7,5366,147051901,5746.95
07-Apr-2010,5365.7,5399.65,5345.05,5374.65,166790249,6530.95
08-Apr-2010,5376.3,5383.65,5290.25,5304.45,156785881,5830.63
09-Apr-2010,5302.4,5377.45,5302.25,5361.75,154497751,6207.69
12-Apr-2010,5354.15,5382.15,5324.9,5339.7,134901999,5502.8
13-Apr-2010,5340.85,5356.5,5301.7,5322.95,126581805,7839.07
15-Apr-2010,5323.3,5373.15,5265.3,5273.6,195013233,7702.54
16-Apr-2010,5273.4,5283.05,5237.55,5262.6,151013525,5498.97
19-Apr-2010,5279.05,5279.05,5160.9,5203.65,155321410,5791.22
20-Apr-2010,5208.3,5257.25,5208.3,5230.1,199478130,7155.88
21-Apr-2010,5230.3,5266.3,5230.3,5244.9,196901598,6577.43
22-Apr-2010,5248.6,5331.8,5221.1,5269.35,180286076,8794.67
23-Apr-2010,5269.65,5311.05,5269.65,5304.1,154120422,6935.25
26-Apr-2010,5299.35,5342.35,5299.35,5322.45,127022478,5920.48
27-Apr-2010,5322.1,5330.55,5301.4,5308.35,144428508,5684.75
28-Apr-2010,5308.2,5308.25,5202.45,5215.45,178645117,6812.97
29-Apr-2010,5215.25,5264.75,5214.8,5254.15,171683419,7264.42
30-Apr-2010,5254.2,5294.8,5254.2,5278,152495257,6591.23
03-May-2010,5278.4,5278.7,5210.05,5222.75,111445668,4663.49
04-May-2010,5223.9,5250.15,5134.85,5148.5,145539730,5782.23
05-May-2010,5148.35,5148.35,5056.5,5124.9,207679138,7373.72
06-May-2010,5124.4,5124.9,5037.75,5090.85,192105707,6560.7
07-May-2010,5072.3,5085.65,4984.6,5018.05,233345722,8765.29
10-May-2010,5026.6,5203.3,5026.6,5193.6,191632764,7272.87
11-May-2010,5189.75,5206.7,5126.5,5136.15,168751932,6431.69
12-May-2010,5133.75,5172.85,5098.8,5156.65,187111358,6559.76
13-May-2010,5157.55,5212.7,5147.95,5178.9,179378582,6054.24
14-May-2010,5180.55,5192.75,5070.95,5093.5,144381001,6094.56
17-May-2010,5093.9,5094.55,4966.25,5059.9,169306794,7203.31
18-May-2010,5059.55,5105.2,5024.25,5066.2,137027239,6336.36
19-May-2010,5065.1,5065.1,4908.15,4919.65,212950386,8688.71
20-May-2010,4924.3,4980.25,4924.3,4947.6,197303335,7215.28
21-May-2010,4946.7,4946.7,4842.3,4931.15,230483809,7363.95
24-May-2010,4944.3,5029.55,4923.45,4943.95,184424844,6576.57
25-May-2010,4945.3,4946.6,4786.45,4806.75,198187219,6759.02
26-May-2010,4807.3,4925.45,4807.3,4917.4,221985114,7246.83
27-May-2010,4915.15,5016.6,4897.6,5003.1,238270068,9374.65
28-May-2010,5005.6,5077.25,5005.6,5066.55,187947940,6703.72
31-May-2010,5076.1,5097.6,5038.55,5086.3,179398969,5600.69
01-Jun-2010,5086.25,5086.95,4961.05,4970.2,183016039,6170.85
02-Jun-2010,4970.75,5031.2,4967.05,5019.85,217930824,6768.12
03-Jun-2010,5020.15,5125.7,5020.15,5110.5,174606394,5784.75
04-Jun-2010,5112.6,5147.9,5091.6,5135.5,174561315,5755.15
07-Jun-2010,5132.95,5132.95,5004.25,5034,175607171,5958.49
08-Jun-2010,5036.7,5071.35,4967.3,4987.1,180656558,6149.81
09-Jun-2010,4985.05,5050.6,4980.1,5000.3,199912934,6619.08
10-Jun-2010,4999.6,5085.2,4997.6,5078.6,176853398,6038.85
11-Jun-2010,5078.75,5139.05,5078.75,5119.35,198342050,7105.68
14-Jun-2010,5120.15,5201.25,5120.15,5197.7,158831199,5616.24
15-Jun-2010,5201.3,5231.45,5171.05,5222.35,218930465,6642.21
16-Jun-2010,5225.05,5255.65,5214.9,5233.35,203727420,7283.62
17-Jun-2010,5233.65,5285.55,5206.55,5274.85,189953720,7662.74
18-Jun-2010,5274.95,5302.3,5245.5,5262.6,205198165,7934.71
21-Jun-2010,5266.5,5366.75,5266.5,5353.3,186200103,6565.17
22-Jun-2010,5353.95,5354.35,5311.05,5316.55,162043358,5453.37
23-Jun-2010,5316.15,5333.3,5288.15,5323.15,150160458,5457.95
24-Jun-2010,5323.25,5348.3,5284.55,5320.6,218787111,8902.73
25-Jun-2010,5320.5,5320.5,5259.9,5269.05,164967805,6750.84
28-Jun-2010,5271.1,5339.45,5270.75,5333.5,154140414,6284.06
29-Jun-2010,5333.55,5334.15,5235.8,5256.15,158720263,5859.41
30-Jun-2010,5254.25,5320.35,5210,5312.5,183722824,7083.92
01-Jul-2010,5312.05,5312.55,5232.1,5251.4,141430947,5489.08
02-Jul-2010,5251.25,5277.25,5225.6,5237.1,149979351,5158.26
05-Jul-2010,5237,5252.75,5225.85,5235.9,100621413,3333.36
06-Jul-2010,5236.1,5297.45,5231.5,5289.05,115506191,4290.4
07-Jul-2010,5293.1,5296.75,5233.45,5241.1,132390232,4490.16
08-Jul-2010,5242,5320.5,5242,5296.85,127297125,4878.49
09-Jul-2010,5297.2,5359.05,5297.2,5352.45,216660647,6889.1
12-Jul-2010,5352.25,5402.7,5351.6,5383,189500080,6566.28
13-Jul-2010,5370.2,5406.2,5357.85,5400.65,226045986,7302.68
14-Jul-2010,5402,5453.45,5371.7,5386.15,211034896,7700.69
15-Jul-2010,5387.1,5399.2,5360.6,5378.75,155118828,6035.97
16-Jul-2010,5376.65,5401.35,5374.4,5393.9,143220575,6261.44
19-Jul-2010,5392.7,5409.1,5361.5,5386.45,116584791,4686.58
20-Jul-2010,5387,5416.45,5353.6,5368,121626463,4136.6
21-Jul-2010,5368.85,5409.1,5368.85,5399.35,122859037,4953.75
22-Jul-2010,5399.15,5447.15,5372.2,5441.95,155995093,6239.12
23-Jul-2010,5441.9,5477.5,5435.15,5449.1,165925947,6466.84
26-Jul-2010,5446.55,5466.25,5409.2,5418.6,147330374,5545.74
27-Jul-2010,5420.2,5450.95,5407.2,5430.6,155306187,7037.79
28-Jul-2010,5436.1,5447.85,5386.25,5397.55,146938758,6793.67
29-Jul-2010,5397.85,5415.85,5381.55,5408.9,162309098,7592.59
30-Jul-2010,5408.4,5413.25,5349.2,5367.6,131797420,5934.09
02-Aug-2010,5369.55,5438.85,5351.3,5431.65,104231289,5012.55
03-Aug-2010,5432.5,5459.2,5426.4,5439.55,130727919,5577.95
04-Aug-2010,5441.35,5481.9,5428.4,5467.85,120781454,5308.01
05-Aug-2010,5470.15,5487.15,5443.1,5447.1,129638121,5375.93
06-Aug-2010,5448.25,5471.9,5431.35,5439.25,116668077,4724.6
09-Aug-2010,5439.8,5492.3,5433.25,5486.15,137005276,4943.58
10-Aug-2010,5486.8,5491.45,5445.35,5460.7,164218108,6726.45
11-Aug-2010,5460.7,5474.6,5412,5420.6,174632660,7684.14
12-Aug-2010,5418.7,5431.1,5372.45,5416.45,172039387,7991.9
13-Aug-2010,5420.65,5476.5,5415.5,5452.1,154913632,6503.15
16-Aug-2010,5452.1,5465.25,5397.4,5418.3,189453492,6283.46
17-Aug-2010,5422.15,5443.55,5408.8,5414.15,138282188,5458.34
18-Aug-2010,5416.25,5487.95,5416.25,5479.15,154252402,6293.69
19-Aug-2010,5478.25,5544.7,5478.1,5540.2,167740837,5669.59
20-Aug-2010,5540.8,5546.6,5513.35,5530.65,144072389,5301.98
23-Aug-2010,5531.15,5549.8,5519.4,5543.5,118735153,5263.58
24-Aug-2010,5541.1,5547.25,5488.45,5505.1,139147479,5551.14
25-Aug-2010,5505.3,5506.15,5452.55,5462.35,157764424,5517.95
26-Aug-2010,5462.1,5486.55,5454.7,5477.9,186378293,7554.18
27-Aug-2010,5489.6,5495.2,5391.95,5408.7,142325823,5450.83
30-Aug-2010,5408.9,5469,5390.35,5415.45,113842559,4230.08
31-Aug-2010,5413.55,5413.9,5348.9,5402.4,157131369,6686.31
01-Sep-2010,5403.05,5478.6,5403.05,5471.85,144228489,5883.01
02-Sep-2010,5471.9,5513.95,5471.85,5486.15,159665619,5066.31
03-Sep-2010,5486.3,5510.4,5473.65,5479.4,146809469,4234.91
06-Sep-2010,5479.55,5589.4,5479.55,5576.95,158938306,6388.26
07-Sep-2010,5575.9,5625.5,5571.65,5604,177476993,6050.2
08-Sep-2010,5604.25,5625.3,5567.75,5607.85,135333275,5689.78
09-Sep-2010,5608.3,5647.45,5608.1,5640.05,138061072,6234.11
13-Sep-2010,5639.2,5770.6,5639.2,5760,152799959,7515.79
14-Sep-2010,5760.3,5838.45,5760.3,5795.55,188426968,8111.27
15-Sep-2010,5795.25,5869.45,5792.2,5860.95,187206098,8805.82
16-Sep-2010,5861.1,5901.65,5815.8,5828.7,192466127,7830.28
17-Sep-2010,5828.7,5898.4,5828.7,5884.95,211380366,7874.33
20-Sep-2010,5885.05,5989.5,5885.05,5980.45,193474676,7658.35
21-Sep-2010,5980.5,6032.8,5961.85,6009.05,200950471,9035.72
22-Sep-2010,6008.4,6037.4,5946.45,5991,170150328,8003
23-Sep-2010,5991.05,6006.8,5932.4,5959.55,135577520,6114.32
24-Sep-2010,5959.45,6029.1,5951.2,6018.3,176456881,7167.29
27-Sep-2010,6018.3,6073.5,6018.3,6035.65,166773894,6621.37
28-Sep-2010,6036.05,6049.8,5991.3,6029.5,170651346,6860.57
29-Sep-2010,6029.15,6071.55,5979.65,5991.3,183154443,7028.59
30-Sep-2010,5991.35,6048.45,5963.6,6029.95,217770233,9926.83
01-Oct-2010,6030.3,6153.1,6030.3,6143.4,179173861,8626.97
04-Oct-2010,6144.7,6222.1,6144.7,6159.45,184600423,7416.3
05-Oct-2010,6159.45,6188.35,6118.05,6145.8,145235637,6398.72
06-Oct-2010,6150.95,6223.4,6148.6,6186.45,152497661,6668.37
07-Oct-2010,6186.85,6199.45,6107.5,6120.3,168880938,7191.88
08-Oct-2010,6121.4,6148.6,6067,6103.45,134638713,6623.9
11-Oct-2010,6105.95,6187.75,6105.95,6135.85,115776692,5662.74
12-Oct-2010,6135.95,6144.95,6057.95,6090.9,109943866,5166.44
13-Oct-2010,6091.45,6240.25,6089.75,6233.9,148662525,8169.71
14-Oct-2010,6234.3,6284.1,6157.9,6177.35,128486390,6591.58
15-Oct-2010,6175.9,6200.6,6050.35,6062.65,111058422,6512.52
18-Oct-2010,6112.75,6115.1,5985.1,6075.95,138750722,7739.58
19-Oct-2010,6114.45,6127.05,6008.15,6027.3,130458477,6428.48
20-Oct-2010,6002.95,6038.1,5966.75,5982.1,105107009,5029.95
21-Oct-2010,6008.9,6113.5,5984.9,6101.5,123101282,6706.58
22-Oct-2010,6113.4,6121.1,6041.35,6066.05,109374888,5611.75
25-Oct-2010,6101.25,6151.3,6094.6,6105.8,123118093,5936.95
26-Oct-2010,6116.3,6120.25,6074.65,6082,113451560,6237.35
27-Oct-2010,6075.45,6075.95,5987.55,6012.65,116710581,5892.65
28-Oct-2010,6039.95,6071.1,5968.1,5987.7,228786632,11869.38
29-Oct-2010,6021.15,6032.65,5937.1,6017.7,137878156,7152.22
01-Nov-2010,6092.3,6132.4,6084.75,6117.55,128909525,6679.42
02-Nov-2010,6127.55,6138.1,6094.4,6119,122092224,6081.21
03-Nov-2010,6150.6,6182.5,6146.8,6160.5,111324417,5241.29
04-Nov-2010,6209.6,6290.15,6199.35,6281.8,125032367,6442.42
05-Nov-2010,6321.85,6338.5,6303.1,6312.45,27174949,1143.23
08-Nov-2010,6335.25,6335.9,6265.35,6273.2,153925612,6799.73
09-Nov-2010,6281,6310.9,6243.55,6301.55,139822783,7037.06
10-Nov-2010,6303.2,6307.65,6269.25,6275.7,125609850,6187.2
11-Nov-2010,6286.35,6296.55,6179.5,6194.25,169295911,7013.98
12-Nov-2010,6182.3,6202.5,6056.75,6071.65,155200157,7348.97
15-Nov-2010,6079.9,6128.75,6039.4,6121.6,124265953,6436.93
16-Nov-2010,6143.45,6144.05,5970.6,5988.7,139191484,7327.56
18-Nov-2010,6075.95,6076.2,5906.75,5998.8,190221312,9720.83
19-Nov-2010,6011.3,6013.25,5863.95,5890.3,150744322,7332.53
22-Nov-2010,5920.9,6020.25,5905.15,6010,123423130,6138.02
23-Nov-2010,5971.55,5973.35,5824.95,5934.75,158866285,7781.91
24-Nov-2010,5946.8,5976.65,5833.6,5865.75,125846538,6608.67
25-Nov-2010,5883.95,5907.1,5780.35,5799.75,371673464,12228.45
26-Nov-2010,5828.55,5838.5,5690.35,5751.95,287201252,9841.53
29-Nov-2010,5789.95,5843.15,5754.7,5830,155071028,6132.15
30-Nov-2010,5811.6,5892.25,5768.35,5862.7,217959199,8862.2
01-Dec-2010,5871,5971,5865.55,5960.9,173354997,7422.59
02-Dec-2010,6023.05,6029.5,5980.6,6011.7,197376731,8206.15
03-Dec-2010,6013.35,6025.4,5964.25,5992.8,165379301,6957.19
06-Dec-2010,6033.65,6069.45,5981.7,5992.25,145317173,7255.47
07-Dec-2010,5995.05,6001,5939.7,5976.55,145410821,7503.81
08-Dec-2010,5954.4,5960,5878.6,5903.7,122572793,7342.58
09-Dec-2010,5924.25,5927.3,5742.3,5766.5,169510906,8924.45
10-Dec-2010,5761,5865.5,5721.15,5857.35,167487929,9006.74
13-Dec-2010,5882.65,5913.8,5795.9,5907.65,138228657,6888.32
14-Dec-2010,5928.7,5953.95,5888.75,5944.1,125296903,6074.88
15-Dec-2010,5931.15,5942.75,5865.8,5892.3,126323113,7089.53
16-Dec-2010,5910.55,5956.15,5855.05,5948.75,149826681,8378.96
20-Dec-2010,5926.85,5985,5900.25,5947.05,121821490,7312.39
21-Dec-2010,5960.4,6007.45,5960.05,6000.65,126542972,6485.84
22-Dec-2010,6019,6023.8,5958,5984.4,118823292,5864.21
23-Dec-2010,6005.9,6006.45,5964.6,5980,85460029,4301.17
24-Dec-2010,5940.25,6017.35,5940.25,6011.6,123574629,4656.48
27-Dec-2010,6013.3,6045.75,5991.1,5998.1,95958318,3459.44
28-Dec-2010,6005.35,6010.9,5982.25,5996,90722187,3636.15
29-Dec-2010,6005.15,6067.55,6002.85,6060.35,92994810,4053.2
30-Dec-2010,6062.35,6106.4,6062.35,6101.85,194348266,7239.3
31-Dec-2010,6105.1,6147.3,6103.55,6134.5,113754901,4945.21
03-Jan-2011,6177.45,6178.55,6147.2,6157.6,96028639,4477.36
04-Jan-2011,6172.75,6181.05,6124.4,6146.35,181727905,7678.55
05-Jan-2011,6141.35,6141.35,6062.35,6079.8,139614193,6606.21
06-Jan-2011,6107,6116.15,6022.3,6048.25,152338978,7050.18
07-Jan-2011,6030.9,6051.2,5883.6,5904.6,171809106,8325.79
10-Jan-2011,5901.3,5907.25,5740.95,5762.85,156945855,7920.38
11-Jan-2011,5767.95,5842.6,5698.2,5754.1,161261704,8307.22
12-Jan-2011,5800.05,5874.2,5711.3,5863.25,188116995,8709.68
13-Jan-2011,5850.75,5857.75,5736.7,5751.9,175347539,8150.11
14-Jan-2011,5752.1,5833.65,5639.65,5654.55,174568442,7372.1
17-Jan-2011,5648.8,5696.15,5624.15,5654.75,148497108,6417.27
18-Jan-2011,5682.55,5730.5,5671.25,5724.05,141008889,6160.38
19-Jan-2011,5737.35,5747.65,5662.55,5691.05,146719934,6694.79
20-Jan-2011,5656,5729.45,5634.5,5711.6,130496983,6947.7
21-Jan-2011,5692.05,5717.55,5674.5,5696.5,119990780,6083.61
24-Jan-2011,5717.1,5756,5697.75,5743.25,108832157,6641.96
25-Jan-2011,5763.3,5801.55,5680.65,5687.4,126128667,7302.14
27-Jan-2011,5725.3,5726.1,5594.95,5604.3,201496674,9182.79
28-Jan-2011,5614,5614.4,5459.55,5512.15,173107003,8122.35
31-Jan-2011,5452.55,5526.85,5416.65,5505.9,177847681,7873.96
01-Feb-2011,5537.3,5539.15,5402,5417.2,171232063,7797.43
02-Feb-2011,5469.55,5490.6,5415.65,5432,172198228,7860.06
03-Feb-2011,5430.45,5532.65,5418,5526.75,154228754,6254
04-Feb-2011,5519.9,5556.3,5369.05,5395.75,187819542,7685.49
07-Feb-2011,5430.15,5440.35,5376.95,5396,150447066,5905.38
08-Feb-2011,5432.35,5432.35,5303.4,5312.55,155600262,6479.05
09-Feb-2011,5293.05,5339.45,5225.65,5253.55,246525934,9294.77
10-Feb-2011,5246.05,5272.6,5196.8,5225.8,225237990,8309.47
11-Feb-2011,5219.65,5319.45,5177.7,5310,211250584,7717.69
14-Feb-2011,5340.25,5463.8,5340.25,5456,175710338,7073.77
15-Feb-2011,5467.75,5506.5,5408.35,5481,170459703,7071
16-Feb-2011,5467.6,5504.8,5460.35,5481.7,140517190,5258.76
17-Feb-2011,5501.7,5553,5463.4,5546.45,143669623,5601.73
18-Feb-2011,5557.55,5599.25,5441.95,5458.95,180906498,7684.74
21-Feb-2011,5456.6,5526.25,5413.1,5518.6,137634026,6109.38
22-Feb-2011,5504.4,5519.45,5437.3,5469.2,166271411,7383.12
23-Feb-2011,5452.45,5495.2,5427.55,5437.35,173584660,7203.8
24-Feb-2011,5408.75,5423.4,5242.5,5262.7,259347677,11011.16
25-Feb-2011,5321.05,5338.2,5232.75,5303.55,193536325,7679.23
28-Feb-2011,5330.15,5477,5308.6,5333.25,317245759,10276.18
01-Mar-2011,5382,5533.05,5373.55,5522.3,210498269,7411.09
03-Mar-2011,5478.45,5570.75,5468.25,5536.2,218804792,8848.97
04-Mar-2011,5586.2,5608.2,5524.1,5538.75,162006860,6522.01
07-Mar-2011,5490.05,5491.25,5408.45,5463.15,134581629,5145.87
08-Mar-2011,5466.1,5530.55,5464.75,5520.8,127506672,5176.59
09-Mar-2011,5542.4,5563.3,5477.45,5531,149822867,5595.45
10-Mar-2011,5516.1,5516.3,5468.45,5494.4,135730117,4854.41
11-Mar-2011,5456.15,5502.7,5411.55,5445.45,133441964,5586.59
14-Mar-2011,5436.5,5537.3,5434.25,5531.5,173521756,5310.24
15-Mar-2011,5420,5497.85,5373.65,5449.65,191037598,7745.78
16-Mar-2011,5475.95,5535.1,5475.95,5511.15,135196748,5724.84
17-Mar-2011,5455.4,5510.05,5435.3,5446.65,135255698,5962.69
18-Mar-2011,5475.35,5483.05,5366.4,5373.7,129492420,5729.27
21-Mar-2011,5408.75,5413.3,5348.2,5364.75,107174731,4222.09
22-Mar-2011,5390.85,5428.15,5376.15,5413.85,94938100,3978.8
23-Mar-2011,5411.4,5484.95,5401.95,5480.25,112036402,4852.75
24-Mar-2011,5501.8,5529,5496.1,5522.4,115262055,4766.56
25-Mar-2011,5588.65,5667.1,5560.95,5654.25,133451382,6457.47
28-Mar-2011,5645.25,5709.1,5643.2,5687.25,130717964,6675.09
29-Mar-2011,5686.5,5770.35,5680.7,5736.35,140479340,6737.62
30-Mar-2011,5755.8,5803.15,5753.9,5787.65,133208726,6161.99
31-Mar-2011,5803.05,5872,5778.65,5833.75,219441114,11741.25
01-Apr-2011,5835,5860.2,5810.4,5826.05,118321855,5698.58
04-Apr-2011,5842,5918.7,5833.2,5908.45,106392427,5424.67
05-Apr-2011,5923.85,5928.65,5855.85,5910.05,110625437,5386.96
06-Apr-2011,5908,5944.45,5868.8,5891.75,125960708,6114.96
07-Apr-2011,5888.55,5906.1,5866.25,5885.7,98160761,5029.08
08-Apr-2011,5886.75,5926.95,5822,5842,99854772,5071.12
11-Apr-2011,5805.35,5830.3,5777.9,5785.7,92734132,4636.4
13-Apr-2011,5747.95,5923.6,5735.55,5911.5,145699909,6888.51
15-Apr-2011,5898.75,5907.35,5806.45,5824.55,140590405,9198.8
18-Apr-2011,5824.35,5897.9,5722.25,5729.1,121111083,7626.14
19-Apr-2011,5716,5762.95,5693.25,5740.75,101237488,5510.81
20-Apr-2011,5786.05,5857.35,5759.65,5851.65,117896054,6097.39
21-Apr-2011,5882.85,5912.9,5864.35,5884.7,119753918,7240.13
25-Apr-2011,5859.6,5906.6,5857,5874.5,94377009,5323.17
26-Apr-2011,5876.85,5893.2,5791.55,5868.4,117166769,6155.73
27-Apr-2011,5884.2,5892.35,5819.95,5833.9,108740523,5893.38
28-Apr-2011,5851.35,5856.4,5776.95,5785.45,159344933,8773.7
29-Apr-2011,5782.5,5804.3,5706.05,5749.5,184751755,7259
02-May-2011,5766.9,5775.25,5687.7,5701.3,86514383,4614.18
03-May-2011,5689.7,5710.8,5554.85,5565.25,125522829,7457
04-May-2011,5567.7,5578.8,5503,5537.15,119083244,6150.25
05-May-2011,5531.6,5560.3,5443.65,5459.85,126424541,5953.85
06-May-2011,5477.65,5564.4,5472.45,5551.45,122684321,5969.39
09-May-2011,5575.2,5586.05,5502.4,5551.1,75438946,3387.89
10-May-2011,5555.55,5592.9,5514.55,5541.25,88822800,3931.01
11-May-2011,5547.2,5574.7,5525,5565.05,82509136,4309.88
12-May-2011,5537.8,5572.5,5476.3,5486.15,91624740,4342.75
13-May-2011,5492.35,5605,5472.15,5544.75,119423852,5690.93
16-May-2011,5541.7,5541.8,5487.65,5499,94219161,4343.66
17-May-2011,5496.1,5523.85,5421.05,5438.95,109199263,6356.9
18-May-2011,5448.2,5460.5,5401.25,5420.6,107357672,6250.15
19-May-2011,5448.15,5452.6,5411.25,5428.1,94180687,5509.73
20-May-2011,5450.65,5517.55,5432.75,5486.35,127399855,5791.89
23-May-2011,5456.7,5456.7,5373,5386.55,94674110,5037.85
24-May-2011,5385.1,5422.6,5367.45,5394.85,100052471,4819.47
25-May-2011,5389.1,5389.1,5328.7,5348.95,99917758,5133.01
26-May-2011,5372.75,5422.2,5356.35,5412.35,161608076,7601.74
27-May-2011,5413.7,5485.8,5413.6,5476.1,117233303,5553.69
30-May-2011,5493.75,5509.3,5458.6,5473.1,100764849,4451.38
31-May-2011,5492,5571.6,5489.7,5560.15,149409715,6946.23
01-Jun-2011,5561.05,5597.35,5559.45,5592,98629277,4670.86
02-Jun-2011,5529.9,5568.2,5521.95,5550.35,110949186,4709.42
03-Jun-2011,5565.7,5604.95,5507.2,5516.75,101017578,4757.1
06-Jun-2011,5504.3,5542.65,5479.85,5532.05,77137320,3486.68
07-Jun-2011,5509.15,5570.1,5507.8,5556.15,81858402,3830.7
08-Jun-2011,5535.25,5556.6,5514.9,5526.85,92928675,3869.33
09-Jun-2011,5523.55,5540.1,5502.05,5521.05,87033655,3859.17
10-Jun-2011,5518.05,5521.45,5457.45,5485.8,84190282,3995.15
13-Jun-2011,5469.85,5496.7,5436.95,5482.8,80104906,3807.22
14-Jun-2011,5485.6,5520.15,5484.2,5500.5,97840485,4714.26
15-Jun-2011,5494.45,5499.35,5438.95,5447.5,95878889,4562.47
16-Jun-2011,5419.65,5447.5,5389.8,5396.75,128063494,5341.03
17-Jun-2011,5412.5,5421.15,5355.85,5366.4,97876272,4480.59
20-Jun-2011,5372.2,5377.4,5195.9,5257.9,135334880,5956.17
21-Jun-2011,5280.8,5322.45,5257,5275.85,107191673,4765.02
22-Jun-2011,5304.65,5310.5,5262.5,5278.3,95769497,4151.39
23-Jun-2011,5269.1,5330.6,5252.25,5320,89001344,3756.75
24-Jun-2011,5343.4,5477.85,5343.4,5471.25,140100077,6791.8
27-Jun-2011,5441.2,5552.65,5434.25,5526.6,143402407,6707.54
28-Jun-2011,5548.85,5558.3,5496.35,5545.3,114413706,5127.85
29-Jun-2011,5566.5,5608.65,5566.5,5600.45,124593981,5463.96
30-Jun-2011,5614.5,5657.9,5606.1,5647.4,179224275,8133.27
01-Jul-2011,5705.75,5705.8,5609.75,5627.2,141092473,5590.28
04-Jul-2011,5679.55,5679.65,5633.1,5650.5,103528865,4266.62
05-Jul-2011,5659.85,5659.85,5612.3,5632.1,100776400,4938.19
06-Jul-2011,5622.7,5655.4,5610.75,5625.45,86109914,4239.98
07-Jul-2011,5633.35,5737.15,5632.95,5728.95,112220298,5439.55
08-Jul-2011,5734.65,5740.4,5651.05,5660.65,129276449,5659.53
11-Jul-2011,5648.05,5652.9,5601.7,5616.1,78899703,3579.63
12-Jul-2011,5556.9,5580.25,5496.95,5526.15,104907108,5294.13
13-Jul-2011,5542.05,5596.15,5541.4,5585.45,106019573,4702.05
14-Jul-2011,5569,5653.95,5541.7,5599.8,123015471,5390.44
15-Jul-2011,5602.95,5631.7,5562.75,5581.1,80426784,3668.42
18-Jul-2011,5581.75,5596.6,5550.95,5567.05,73604991,3305.34
19-Jul-2011,5569.85,5627.65,5557.2,5613.55,86555649,3983.28
20-Jul-2011,5642.05,5645.4,5555.1,5567.05,87093214,3825.45
21-Jul-2011,5554.6,5578.9,5532.7,5541.6,76327640,3681.07
22-Jul-2011,5576.95,5642.2,5567.1,5633.95,106781617,5040.43
25-Jul-2011,5633.8,5700.55,5616.7,5680.3,142008190,5622.44
26-Jul-2011,5688.45,5702.25,5560.15,5574.85,134108563,6270.33
27-Jul-2011,5588.55,5591.7,5521.5,5546.8,122321153,5358.36
28-Jul-2011,5492.4,5512.1,5475.65,5487.75,164522151,6883.18
29-Jul-2011,5479,5520.3,5453.95,5482,156128914,5901.53
01-Aug-2011,5527.5,5551.9,5486.45,5516.8,98962726,4048.98
02-Aug-2011,5493.2,5496.3,5433.65,5456.55,110372244,4236.41
03-Aug-2011,5402,5422.6,5378.85,5404.8,133223864,5339.25
04-Aug-2011,5412.4,5434.5,5323.15,5331.8,118482440,4820.07
05-Aug-2011,5204.35,5229.65,5116.45,5211.25,196016865,7543.44
08-Aug-2011,5083.85,5204.2,5054.05,5118.5,188307028,7326.93
09-Aug-2011,4947.9,5167,4946.45,5072.85,233869015,9385.01
10-Aug-2011,5196.55,5197.95,5123.35,5161,158404456,6289.41
11-Aug-2011,5128,5184.95,5121,5138.3,113043482,4723.01
12-Aug-2011,5194.4,5194.45,5053.35,5072.95,128834807,5909.91
16-Aug-2011,5125.75,5132.2,5015.4,5035.8,130896704,5081.61
17-Aug-2011,5030.3,5112.15,5017.25,5056.6,143342008,5472.63
18-Aug-2011,5077.95,5078.6,4932.15,4944.15,139816131,5686.22
19-Aug-2011,4859.3,4893.6,4796.1,4845.65,166702431,7317.33
22-Aug-2011,4843.7,4910.05,4808.75,4898.8,123813921,5186.04
23-Aug-2011,4925.15,4965.8,4863.8,4948.9,130010440,5519.36
24-Aug-2011,4934.35,4962.4,4875.3,4888.9,129410652,5241.5
25-Aug-2011,4914.65,4915.85,4825.05,4839.6,184913414,7921.11
26-Aug-2011,4839.25,4872,4720,4747.8,149717732,5850.84
29-Aug-2011,4806.2,4934.4,4806.05,4919.6,145125304,5576.71
30-Aug-2011,4973.25,5016.25,4927.55,5001,181539730,7051.77
02-Sep-2011,5109.8,5113.7,4993.35,5040,195055967,7689.7
05-Sep-2011,4998.9,5030.3,4964.45,5017.2,162898218,6359.59
06-Sep-2011,4993.35,5072.9,4942.9,5064.3,183680006,7278
07-Sep-2011,5080.15,5154.5,5076.3,5124.65,193856202,6883.16
08-Sep-2011,5139.2,5169.25,5098.25,5153.25,140855342,6093.78
09-Sep-2011,5161.3,5163.75,5046.8,5059.45,158713071,6482.27
12-Sep-2011,4981.7,4985.6,4911.25,4946.8,135500219,5175.51
13-Sep-2011,4977.8,5030.15,4911.05,4940.95,146005268,5305.87
14-Sep-2011,4965.05,5026.15,4917.4,5012.55,154276761,6416.57
15-Sep-2011,5062.35,5091.45,4967.45,5075.7,153648925,5935.88
16-Sep-2011,5123.35,5143.6,5068.1,5084.25,225187238,8379.56
19-Sep-2011,5068.4,5068.4,5019.25,5031.95,115737842,4042.27
20-Sep-2011,5042.55,5149.9,5035.25,5140.2,146599496,5504.69
21-Sep-2011,5153.75,5168.4,5109.85,5133.25,132918171,5142.01
22-Sep-2011,5054.45,5059.85,4907.75,4923.65,147608376,5675.35
23-Sep-2011,4873.75,4930.25,4829.6,4867.75,205769423,7364.65
26-Sep-2011,4878.6,4879.8,4758.85,4835.4,156079487,5475.64
27-Sep-2011,4905.15,4982.95,4905.15,4971.25,151313966,5284.66
28-Sep-2011,5005.5,5006.05,4918.45,4945.9,166872414,6078.49
29-Sep-2011,4924.2,5034.25,4906,5015.45,216156088,8284.97
30-Sep-2011,4990.15,5025.55,4924.3,4943.25,201962105,6764.12
03-Oct-2011,4874.4,4879.15,4823.9,4849.5,148921569,5230.17
04-Oct-2011,4823.5,4869.75,4728.3,4772.15,184413296,6736.87
05-Oct-2011,4791.3,4827.8,4741,4751.3,179140481,6385.35
07-Oct-2011,4883.65,4922.6,4861.2,4888.05,198288782,6914.62
10-Oct-2011,4886.85,4991.15,4882.05,4979.6,188839545,6247.21
11-Oct-2011,5019.9,5045.1,4964,4974.35,182038763,6386.8
12-Oct-2011,5011.2,5109.8,4997.65,5099.4,188008562,7528.09
13-Oct-2011,5130.8,5136.95,5067.65,5077.85,157302816,6319.82
14-Oct-2011,5057.35,5141.4,5056.6,5132.3,157781872,6140.27
17-Oct-2011,5156.2,5160.2,5084.5,5118.25,130460983,5029.13
18-Oct-2011,5049.45,5057.5,5011.05,5037.5,125550565,5148.86
19-Oct-2011,5080.45,5148.05,5075.3,5139.15,117468754,4776.09
20-Oct-2011,5086.55,5099,5033.95,5091.9,119333986,4582.47
21-Oct-2011,5106.6,5120.75,5037.95,5049.95,109893599,4733.71
24-Oct-2011,5114.7,5145.65,5084.75,5098.35,126073195,4927.43
25-Oct-2011,5137.9,5211,5085.55,5191.6,221084588,9967.24
26-Oct-2011,5214.95,5219.25,5196.15,5201.8,27496887,1059.46
28-Oct-2011,5341.9,5399.7,5322.8,5360.7,246078412,9151.2
31-Oct-2011,5358.9,5360.25,5314.6,5326.6,149483502,5937.99
01-Nov-2011,5278.6,5310.85,5238.3,5257.95,152491922,5651.67
02-Nov-2011,5216.75,5300.1,5204.95,5258.45,144375106,4918.34
03-Nov-2011,5241.55,5281.6,5201.85,5265.75,160282802,5716.17
04-Nov-2011,5325.4,5326.45,5256.8,5284.2,149015829,5401.13
08-Nov-2011,5292.25,5304.25,5252,5289.35,120652007,4159.75
09-Nov-2011,5309.7,5317.5,5211.75,5221.05,146428609,6720.83
11-Nov-2011,5159.75,5198.6,5142.25,5168.85,168514208,6929.85
14-Nov-2011,5217.35,5228.9,5140.55,5148.35,134448100,5263.81
15-Nov-2011,5131.2,5158.75,5052.85,5068.5,149592578,5201.21
16-Nov-2011,5059.1,5065.2,4989.5,5030.45,161406885,5757.81
17-Nov-2011,5027.1,5036.8,4919.45,4934.75,149238976,5277.65
18-Nov-2011,4899.15,4915.9,4837.95,4905.8,192274363,6481.17
21-Nov-2011,4873.8,4873.8,4764.8,4778.35,154119333,5509.53
22-Nov-2011,4794.85,4854,4782.55,4812.35,174212435,6275.86
23-Nov-2011,4779.5,4779.5,4640.95,4706.45,178819371,6199.31
24-Nov-2011,4707.55,4771.1,4639.1,4756.45,213363083,7327.52
25-Nov-2011,4731.3,4767.3,4693.1,4710.05,162839558,5812.61
28-Nov-2011,4769.3,4859.1,4766.4,4851.3,145259101,4869.41
29-Nov-2011,4864.2,4866.1,4787.1,4805.1,155570321,5786.83
30-Nov-2011,4766.15,4851.55,4754.8,4832.05,282217865,11393.19
01-Dec-2011,4970.85,5011.9,4916.7,4936.85,183915785,6699.33
02-Dec-2011,4940.85,5062.55,4918.4,5050.15,180190935,6527.43
05-Dec-2011,5036.5,5055.4,5002.55,5039.15,137254409,4689.58
07-Dec-2011,5050.1,5099.25,5032.25,5062.6,169428273,6005.21
08-Dec-2011,5037.4,5049.05,4921.45,4943.65,178853365,6029.68
09-Dec-2011,4870.75,4918.35,4841.75,4866.7,173612823,6040.22
12-Dec-2011,4906.85,4910.25,4755.55,4764.6,178338170,5926
13-Dec-2011,4733.6,4824.7,4728.5,4800.6,181043707,5816.38
14-Dec-2011,4788.7,4839.55,4750.4,4763.25,176252160,6324.86
15-Dec-2011,4712.8,4768.65,4673.85,4746.35,200317864,6976.68
16-Dec-2011,4752.5,4818.85,4628.2,4651.6,202060039,7284.93
19-Dec-2011,4623.15,4623.15,4555.9,4613.1,176447660,6302.29
20-Dec-2011,4635.8,4637.25,4531.15,4544.2,195304596,6279.01
21-Dec-2011,4636.45,4707.35,4601.95,4693.15,211310871,6689.82
22-Dec-2011,4636.9,4740.6,4632.95,4733.85,170789015,6017
23-Dec-2011,4763.2,4763.45,4693.2,4714,141982548,4676.75
26-Dec-2011,4718.15,4787.25,4718.15,4779,90847991,3034.39
27-Dec-2011,4780.2,4800.5,4723.65,4750.5,104828343,3342.15
28-Dec-2011,4756.2,4756.2,4685.65,4705.8,117463489,3657.52
29-Dec-2011,4681.15,4701.8,4639.05,4646.25,146003804,5137.28
30-Dec-2011,4659.95,4690.45,4608.9,4624.3,113900727,3785.33
02-Jan-2012,4640.2,4645.95,4588.05,4636.75,108460668,3590.96
03-Jan-2012,4675.8,4773.1,4675.8,4765.3,146621115,5021.29
04-Jan-2012,4774.95,4782.85,4728.85,4749.65,165938849,5661.16
05-Jan-2012,4749,4779.8,4730.15,4749.95,177862936,5873.79
06-Jan-2012,4724.15,4794.9,4686.85,4754.1,176057282,5234.69
07-Jan-2012,4755.6,4759.4,4743.05,4746.9,18783880,414.88
09-Jan-2012,4747.55,4758.7,4695.45,4742.8,147534537,4548.3
10-Jan-2012,4771.85,4855.9,4768.25,4849.55,201661174,6222.27
11-Jan-2012,4863.15,4877.2,4841.6,4860.95,209079758,6364
12-Jan-2012,4840.95,4869.2,4803.9,4831.25,183068697,7271.44
13-Jan-2012,4861.95,4898.85,4834.2,4866,230940604,7117.5
16-Jan-2012,4844,4880.8,4827.05,4873.9,160479891,5297.89
17-Jan-2012,4904.5,4975.55,4904,4967.3,223004183,7170.72
18-Jan-2012,4977.75,4980.65,4931.05,4955.8,211198796,7424.79
19-Jan-2012,4995,5023.8,4991.4,5018.4,203487608,6634.33
20-Jan-2012,5044.85,5064.15,5004.3,5048.6,221048007,8120.35
23-Jan-2012,5025.35,5059.55,5021.35,5046.25,158177571,5934.04
24-Jan-2012,5064.8,5141.05,5049.8,5127.35,202006565,8172.43
25-Jan-2012,5151.5,5174.15,5130.25,5158.3,219175709,8156.04
27-Jan-2012,5216.75,5217,5162.4,5204.7,215923377,7881.15
30-Jan-2012,5163.55,5166.15,5076.7,5087.3,181141437,6181.32
31-Jan-2012,5125.25,5215.4,5120.15,5199.25,215770719,8075.54
01-Feb-2012,5198.15,5244.6,5159,5235.7,234899358,8066.68
02-Feb-2012,5272.1,5289.95,5225.75,5269.9,337960651,11126.39
03-Feb-2012,5276.1,5334.85,5255.55,5325.85,217358188,7573.02
06-Feb-2012,5379.45,5390.05,5327.25,5361.65,215080487,7703.06
07-Feb-2012,5412.95,5413.35,5322.95,5335.15,181194561,6797.14
08-Feb-2012,5343.8,5396.9,5325.2,5368.15,236135416,9359.98
09-Feb-2012,5343.05,5423.4,5338.9,5412.35,255306965,8143.96
10-Feb-2012,5399.8,5427.75,5341.05,5381.6,225352093,7396.34
13-Feb-2012,5382.1,5421.05,5351.4,5390.2,181561910,6738
14-Feb-2012,5380.8,5428.05,5377.95,5416.05,201409996,6693.43
15-Feb-2012,5460.6,5542.1,5460.6,5531.95,314366096,9958.28
16-Feb-2012,5513.75,5531.4,5483.75,5521.95,270060477,9053.45
17-Feb-2012,5574.2,5606.7,5545.2,5564.3,329307516,11512.01
21-Feb-2012,5561.9,5621.5,5561.75,5607.15,231132126,8169.38
22-Feb-2012,5609.75,5629.95,5491.35,5505.35,263013427,9694.44
23-Feb-2012,5490.05,5537.4,5460.8,5483.3,307246519,9987.65
24-Feb-2012,5479.15,5521.4,5405.9,5429.3,364660634,17356.76
27-Feb-2012,5448.1,5449.8,5268.15,5281.2,235318961,7706.81
28-Feb-2012,5310.5,5391.1,5306.45,5375.5,208133889,7815.9
29-Feb-2012,5424.95,5458.8,5352.25,5385.2,226022232,8454.41
01-Mar-2012,5366,5372.45,5297.5,5339.75,196867905,6847.63
02-Mar-2012,5369.45,5392.55,5315.05,5359.35,185021526,6768.52
03-Mar-2012,5360.05,5369.6,5353.4,5359.4,16770991,429.35
05-Mar-2012,5342.55,5344.5,5265.7,5280.35,196421155,6036.63
06-Mar-2012,5266,5382.05,5206.4,5222.4,290396014,9319.01
07-Mar-2012,5207.05,5243.85,5171.45,5220.45,230726017,7173.14
09-Mar-2012,5294.1,5342.3,5291.6,5333.55,203005845,7080.66
12-Mar-2012,5420.1,5421.9,5327.3,5359.55,176668237,6484.38
13-Mar-2012,5391.05,5438.65,5390.8,5429.5,179965296,5907.14
14-Mar-2012,5490.55,5499.4,5437.8,5463.9,181714070,7345.67
15-Mar-2012,5462.5,5462.5,5362.3,5380.5,160257651,5961.15
16-Mar-2012,5380.35,5445.65,5305,5317.9,267521147,9432.07
19-Mar-2012,5337.35,5340.7,5238.55,5257.05,179877454,6275.89
20-Mar-2012,5257.15,5297.35,5233.25,5274.85,181345285,6158
21-Mar-2012,5267.2,5372.35,5256,5364.95,199787985,6807.02
22-Mar-2012,5361.1,5385.95,5205.65,5228.45,205581062,7359.89
23-Mar-2012,5255.65,5312,5220,5278.2,172738574,6371.46
26-Mar-2012,5274.35,5274.95,5174.9,5184.25,169785835,5582.28
27-Mar-2012,5242.95,5277.95,5184.65,5243.15,208775421,7445.92
28-Mar-2012,5231.7,5236.55,5169.6,5194.75,145803597,5411.63
29-Mar-2012,5145.95,5194.3,5135.95,5178.85,242557889,8632.05
30-Mar-2012,5206.6,5307.1,5203.65,5295.55,164790056,6082.93
02-Apr-2012,5296.35,5331.55,5278.8,5317.9,134538287,4583.68
03-Apr-2012,5353.2,5378.75,5344.45,5358.5,152496489,5256.86
04-Apr-2012,5328.65,5338.4,5305.3,5322.9,122106162,4084.37
09-Apr-2012,5282.5,5287.9,5228,5234.4,111914936,3680.04
10-Apr-2012,5254.1,5255.8,5211.85,5243.6,156106794,4886.48
11-Apr-2012,5209.45,5263.65,5190.8,5226.85,167013527,5585.7
12-Apr-2012,5246.75,5290.6,5246.75,5276.85,152684788,5457.29
13-Apr-2012,5255.7,5306.75,5185.4,5207.45,164225858,7989.27
16-Apr-2012,5190.6,5233.5,5183.5,5226.2,119730347,5165.7
17-Apr-2012,5266.6,5298.2,5208.35,5289.7,178895417,7416.66
18-Apr-2012,5320.7,5342,5293.45,5300,152743439,5665.77
19-Apr-2012,5320.6,5342.45,5291.3,5332.4,133549895,5313.33
20-Apr-2012,5313.95,5336.15,5245.45,5290.85,135252751,5086.54
23-Apr-2012,5277.4,5310.55,5187.15,5200.6,138042341,5065.27
24-Apr-2012,5215.9,5232.35,5180.35,5222.65,155674654,7362.66
25-Apr-2012,5222.2,5236.1,5160.65,5202,142910739,5968.34
26-Apr-2012,5214.75,5215.6,5179.05,5189,185899437,6408.49
27-Apr-2012,5189,5223.05,5154.3,5190.6,128759445,5734.59
28-Apr-2012,5209.6,5216.4,5196.35,5209,6555703,297.89
30-Apr-2012,5201.45,5262.15,5201.45,5248.15,108138550,4610.4
02-May-2012,5254.3,5279.6,5226.45,5239.15,119333288,4815.08
03-May-2012,5211.2,5217.3,5180.65,5188.4,118573998,5488.9
04-May-2012,5166.65,5177.2,5070.6,5086.85,153304687,6507.5
07-May-2012,5017.8,5124.75,4988,5114.15,168271798,6787.08
08-May-2012,5114.7,5119.95,4983.6,4999.95,164262546,6233.26
09-May-2012,4967.9,5016.25,4956.45,4974.8,180441209,6558.78
10-May-2012,4984.15,5039.3,4950.3,4965.7,141031231,5430.14
11-May-2012,4938.85,4976.25,4906.15,4928.9,138526070,5061.57
14-May-2012,4934.35,4957.2,4874.5,4907.8,126951751,5291.93
15-May-2012,4869.85,4955.2,4868.55,4942.8,142119571,5491.24
16-May-2012,4875.3,4882.25,4837.05,4858.25,165048505,6316.66
17-May-2012,4878.6,4922.25,4850.2,4870.2,155654031,5745.51
18-May-2012,4796.4,4908.5,4788.95,4891.45,154508649,6447.08
21-May-2012,4888.5,4937.5,4888.5,4906.05,116506971,4527.67
22-May-2012,4954.7,4956.35,4849.9,4860.5,130808278,5074.37
23-May-2012,4843,4853.75,4803.95,4835.65,136108067,4854.15
24-May-2012,4863.4,4931.9,4830.15,4921.4,140474832,5012.08
25-May-2012,4905.95,4935.8,4889.35,4920.4,118191157,4398.09
28-May-2012,4931.7,4994.95,4931.3,4985.65,97260991,3983.53
29-May-2012,5005.35,5020.15,4982.15,4990.1,124219839,4923.56
30-May-2012,4964.25,4982.25,4944.9,4950.75,146005250,5374.65
31-May-2012,4896.1,4949.25,4883.55,4924.25,296911390,10662.01
01-Jun-2012,4910.85,4925,4831.75,4841.6,138767416,4989.22
04-Jun-2012,4797.3,4858.3,4770.35,4848.15,152339865,5143.54
05-Jun-2012,4869.45,4898.95,4847.7,4863.3,141476962,5016.41
06-Jun-2012,4886.65,5010.45,4886.15,4997.1,185340406,7188.42
07-Jun-2012,5035.35,5059.65,5007.75,5049.65,150558164,6077.37
08-Jun-2012,5044.25,5084.45,4994.8,5068.35,138389395,5249.81
11-Jun-2012,5096.7,5124.45,5040.7,5054.1,125615102,4813.82
12-Jun-2012,5015.5,5128.9,5015.15,5115.9,135478015,5205.9
13-Jun-2012,5117.55,5144.9,5095.45,5121.45,125668126,5287.08
14-Jun-2012,5105.1,5130,5047.6,5054.75,118353366,4751.86
15-Jun-2012,5069.55,5146.2,5069.15,5139.05,155437144,5944
18-Jun-2012,5174,5190.2,5041.7,5064.25,153461067,6005.83
19-Jun-2012,5050.8,5113.6,5048.1,5103.85,149416155,5336.22
20-Jun-2012,5114.55,5141.7,5100.7,5120.55,160505645,5313.6
21-Jun-2012,5097.35,5170.4,5093.45,5165,142992948,5558.56
22-Jun-2012,5101.75,5159.8,5094,5146.05,159747192,5500.44
25-Jun-2012,5158.5,5194.6,5105.65,5114.65,123503010,4894.04
26-Jun-2012,5107.45,5134.55,5095.5,5120.8,99404566,4119.69
27-Jun-2012,5149.45,5160.1,5129.25,5141.9,112269218,4238.62
28-Jun-2012,5148.95,5159.05,5125.3,5149.15,143073791,5597.52
29-Jun-2012,5191.25,5286.25,5189,5278.9,226523598,8461.24
02-Jul-2012,5283.85,5302.15,5263.35,5278.6,126161441,4991.57
03-Jul-2012,5298.85,5317,5265.95,5287.95,133117055,5161.82
04-Jul-2012,5310.4,5317.65,5273.3,5302.55,155995887,5750.1
05-Jul-2012,5297.05,5333.65,5288.85,5327.3,118915392,4709.79
06-Jul-2012,5324.7,5327.2,5287.75,5316.95,113300726,4760.51
09-Jul-2012,5283.7,5300.6,5257.75,5275.15,101169926,4189.25
10-Jul-2012,5286.6,5348.55,5284.55,5345.35,123947633,5024.13
11-Jul-2012,5315.25,5336.45,5300.25,5306.3,113530679,5086.98
12-Jul-2012,5240,5261.75,5217.7,5235.25,131190833,6193.59
13-Jul-2012,5242.75,5267.15,5216.85,5227.25,99045088,4451.9
16-Jul-2012,5232.35,5246.85,5190.45,5197.25,106313144,4283.22
17-Jul-2012,5228.05,5236.7,5181.7,5192.85,111768115,4719.2
18-Jul-2012,5199.1,5222.85,5169.05,5216.3,109647297,4759.52
19-Jul-2012,5249.85,5257.75,5233.15,5242.7,109769282,5494.99
20-Jul-2012,5233.55,5238.7,5197.5,5205.1,89729408,4527.89
23-Jul-2012,5163.25,5164.2,5108.1,5117.95,104770324,4394.24
24-Jul-2012,5128.8,5144,5103.25,5128.2,116516931,4567.2
25-Jul-2012,5118.4,5121.6,5076.6,5109.6,130965621,4654.17
26-Jul-2012,5126.3,5126.3,5032.4,5043,180131639,6920.23
27-Jul-2012,5124.3,5149.95,5077.5,5099.85,131948378,5828.12
30-Jul-2012,5129.75,5206.6,5129.75,5199.8,117523733,5278.7
31-Jul-2012,5214.85,5234.55,5154.05,5229,147059808,6254.67
01-Aug-2012,5220.7,5246.35,5212.65,5240.5,113815730,4408.19
02-Aug-2012,5233.1,5236.9,5209.95,5227.75,92972386,3699.59
03-Aug-2012,5195.6,5220.2,5164.65,5215.7,112918653,4213.76
06-Aug-2012,5260.85,5293.2,5260.85,5282.55,103148076,4271.5
07-Aug-2012,5295.4,5350.1,5281.65,5336.7,130431591,5226.33
08-Aug-2012,5345.25,5377.6,5331.05,5338,165954895,6069.12
09-Aug-2012,5348.3,5368.2,5312.1,5322.95,181419777,6763.23
10-Aug-2012,5308.2,5330.1,5294.1,5320.4,130090985,6540.77
13-Aug-2012,5316.35,5352.45,5309.05,5347.9,107578773,4678.33
14-Aug-2012,5343.25,5387.05,5328.8,5380.35,109794400,4742.47
16-Aug-2012,5385.95,5390.65,5356.65,5362.95,133996943,5285.5
17-Aug-2012,5368.6,5399.95,5341.7,5366.3,134985473,5262.34
21-Aug-2012,5368.7,5425.15,5368.7,5421,124343357,4986.5
22-Aug-2012,5395.75,5433.35,5394.8,5412.85,103103501,4156.18
23-Aug-2012,5426.15,5448.6,5393.85,5415.35,127995889,5462.34
24-Aug-2012,5392.6,5399.65,5371,5386.7,114346965,4520.37
27-Aug-2012,5387.85,5399.15,5346.65,5350.25,89987572,3882.41
28-Aug-2012,5348.05,5359.25,5312.6,5334.6,123683723,4771
29-Aug-2012,5343.85,5345.5,5282.7,5287.8,157470632,4581.21
30-Aug-2012,5268.6,5342.8,5255.05,5315.05,226494000,8374.69
31-Aug-2012,5298.2,5303.25,5238.9,5258.5,167393902,6600.58
03-Sep-2012,5276.5,5295.8,5243.15,5253.75,110380869,4015.55
04-Sep-2012,5249.15,5278.35,5233.2,5274,106316880,3726.52
05-Sep-2012,5243.9,5259.5,5215.7,5225.7,126162071,4904.68
06-Sep-2012,5217.65,5260.6,5217.65,5238.4,134008569,4622.16
07-Sep-2012,5309.45,5347.15,5309.2,5342.1,149584722,5590.04
08-Sep-2012,5343.65,5366.3,5343.45,5358.7,11221064,376.34
10-Sep-2012,5361.9,5375.45,5349.1,5363.45,109607506,4183.01
11-Sep-2012,5336.1,5393.35,5332.1,5390,112878090,4081.42
12-Sep-2012,5404.45,5435.55,5393.95,5431,139920871,4885.71
13-Sep-2012,5435.2,5447.45,5421.85,5435.35,110774177,4199.37
14-Sep-2012,5528.35,5586.65,5526.95,5577.65,233783031,9263.53
17-Sep-2012,5631.75,5652.2,5585.15,5610,258912780,10924.57
18-Sep-2012,5602.4,5620.55,5586.45,5600.05,175488961,7272.63
20-Sep-2012,5536.95,5581.35,5534.9,5554.25,165684942,6768.88
21-Sep-2012,5577,5720,5575.45,5691.15,278023825,11101.32
24-Sep-2012,5691.95,5709.85,5662.75,5669.6,210419441,8380.56
25-Sep-2012,5674.9,5702.7,5652.45,5673.9,341387116,12551.6
26-Sep-2012,5653.4,5672.8,5638.65,5663.45,170771069,6754.98
27-Sep-2012,5673.75,5693.7,5639.7,5649.5,238991690,9368.11
28-Sep-2012,5684.8,5735.15,5683.45,5703.3,163660805,6948.17
01-Oct-2012,5704.75,5722.95,5694,5718.8,123138510,4798.17
03-Oct-2012,5727.7,5743.25,5715.8,5731.25,165037864,6654.02
04-Oct-2012,5751.55,5807.25,5751.35,5787.6,171404290,6954.74
05-Oct-2012,5815,5815.35,4888.2,5746.95,255569804,12995.8
08-Oct-2012,5751.85,5751.85,5666.2,5676,142319000,5853.56
09-Oct-2012,5708.15,5728.65,5677.9,5704.6,119300415,5047.01
10-Oct-2012,5671.15,5686.5,5647.05,5652.15,126294361,4564.39
11-Oct-2012,5663.5,5721.1,5636.95,5708.05,148283847,6542.71
12-Oct-2012,5681.7,5725,5659.35,5676.05,130076802,6475.3
15-Oct-2012,5674.25,5693.7,5651.05,5687.25,93693482,3962.97
16-Oct-2012,5705.6,5714,5635.6,5648,117415701,5043.3
17-Oct-2012,5681.1,5684.35,5633.9,5660.25,123974371,5259.46
18-Oct-2012,5675.3,5722.5,5650.55,5718.7,144097860,6264.78
19-Oct-2012,5703.3,5711.7,5660,5684.25,124262817,5410.95
22-Oct-2012,5667.6,5721.55,5658.05,5717.15,103372318,4994.75
23-Oct-2012,5715.65,5720.8,5681.45,5691.4,81501427,3803.5
25-Oct-2012,5688.8,5718.75,5685.7,5705.3,158343061,7359.34
26-Oct-2012,5683.55,5697.2,5641.75,5664.3,101663820,4718.97
29-Oct-2012,5665.2,5698.3,5645.1,5665.6,93555816,3953.86
30-Oct-2012,5656.35,5689.9,5589.9,5597.9,116678775,5550.86
31-Oct-2012,5596.75,5624.4,5583.05,5619.7,112075316,4918.55
01-Nov-2012,5609.85,5649.75,5601.95,5645.05,107393402,4633.11
02-Nov-2012,5696.35,5711.3,5682.55,5697.7,111162841,4924.33
05-Nov-2012,5693.05,5709.2,5679.5,5704.2,74829213,3236.08
06-Nov-2012,5694.1,5730.8,5693.65,5724.4,115018796,4677.92
07-Nov-2012,5718.6,5777.3,5711.4,5760.1,133740615,5242.18
08-Nov-2012,5709,5744.5,5693.95,5738.75,117590261,4883.9
09-Nov-2012,5731.1,5751.7,5677.75,5686.25,98763127,4833.64
12-Nov-2012,5688.45,5718.9,5665.75,5683.7,92702799,4082.62
13-Nov-2012,5689.7,5698.25,5660.35,5666.95,16516842,680.72
15-Nov-2012,5650.35,5651.65,5603.55,5631,133979470,5554.05
16-Nov-2012,5624.8,5650.15,5559.8,5574.05,121900570,4996.15
19-Nov-2012,5577.3,5592.75,5549.25,5571.4,106988015,4336.84
20-Nov-2012,5604.8,5613.7,5548.35,5571.55,107481297,4399.93
21-Nov-2012,5582.5,5620.2,5561.4,5614.8,105148728,4228.47
22-Nov-2012,5628.6,5643.35,5608,5627.75,94058612,3867.76
23-Nov-2012,5635.45,5637.75,5593.55,5626.6,85082220,3213.06
26-Nov-2012,5648.65,5649.2,5623.45,5635.9,79291426,3246.23
27-Nov-2012,5658.5,5733.2,5658,5727.45,134407735,5380.95
29-Nov-2012,5736.7,5833.5,5736.1,5825,207295475,9110.93
30-Nov-2012,5836,5885.25,5827.85,5879.85,257047977,10777.34
03-Dec-2012,5878.25,5899.15,5854.6,5870.95,113423350,4726.68
04-Dec-2012,5866.8,5894.95,5859,5889.25,131020191,4816.7
05-Dec-2012,5906.6,5917.8,5891.35,5900.5,139653957,5583.78
06-Dec-2012,5926.3,5942.55,5838.9,5930.9,140267080,5667.65
07-Dec-2012,5934,5949.85,5888.65,5907.4,127607078,5722.45
10-Dec-2012,5916.05,5919.95,5888.1,5908.9,95975757,4339.84
11-Dec-2012,5923.8,5965.15,5865.45,5898.8,137415161,6403.06
12-Dec-2012,5917.8,5924.6,5874.25,5888,132665649,6117.63
13-Dec-2012,5900.35,5907.45,5841.35,5851.5,136616335,5976.15
14-Dec-2012,5846.9,5886.1,5839.15,5879.6,115159830,5012.83
17-Dec-2012,5860.5,5886.05,5850.15,5857.9,109547002,4998.19
18-Dec-2012,5873.6,5905.8,5823.15,5896.8,148907334,6740.66
19-Dec-2012,5917.3,5939.4,5910.8,5929.6,149439204,6731.27
20-Dec-2012,5934.45,5937.6,5881.45,5916.4,123911218,5390.76
21-Dec-2012,5888,5888,5841.65,5847.7,141152911,5603.96
24-Dec-2012,5869,5871.9,5844.7,5855.75,85336999,3433.98
26-Dec-2012,5864.95,5917.3,5859.55,5905.6,83871326,3447.53
27-Dec-2012,5930.2,5930.8,5864.7,5870.1,139613235,5955.51
28-Dec-2012,5887.15,5915.75,5879.5,5908.35,89669021,3863.47
31-Dec-2012,5901.2,5919,5897.15,5905.1,64809641,3021.71
01-Jan-2013,5937.65,5963.9,5935.2,5950.85,77902745,3298.74
02-Jan-2013,5982.6,6006.05,5982,5993.25,116057389,4992.9
03-Jan-2013,6015.8,6017,5986.55,6009.5,99989933,4883.13
04-Jan-2013,6011.95,6020.75,5981.55,6016.15,113232990,5191.38
07-Jan-2013,6042.15,6042.15,5977.15,5988.4,110248018,5093.62
08-Jan-2013,5983.45,6007.05,5964.4,6001.7,109937502,5247.74
09-Jan-2013,6006.2,6020.1,5958.45,5971.5,129635568,6462.35
10-Jan-2013,5998.8,6005.15,5947.3,5968.65,129767384,6191.88
11-Jan-2013,6012.4,6018.85,5940.6,5951.3,128022002,8228.71
14-Jan-2013,5967.2,6036.9,5962.15,6024.05,134711348,7279.83
15-Jan-2013,6037.85,6068.5,6018.6,6056.6,138364003,6978.26
16-Jan-2013,6049,6055.95,5992.05,6001.85,128985952,6172.67
17-Jan-2013,6001.25,6053.2,5988.1,6039.2,178954867,7569.17
18-Jan-2013,6059.85,6083.4,6048.3,6064.4,186460701,8321.15
21-Jan-2013,6085.75,6094.35,6065.1,6082.3,130866385,6065.99
22-Jan-2013,6080.15,6101.3,6040.5,6048.5,129041713,5744.09
23-Jan-2013,6052.85,6069.8,6021.15,6054.3,136989190,5932.29
24-Jan-2013,6046.2,6065.3,6007.85,6019.35,185210189,7884.14
25-Jan-2013,6024.5,6080.55,6014.45,6074.65,147587200,6384.65
28-Jan-2013,6082.1,6088.4,6061.4,6074.8,113113004,5592.39
29-Jan-2013,6064.7,6111.8,6042.45,6049.9,157553752,8261.34
30-Jan-2013,6065,6071.95,6044.15,6055.75,124222858,6220.8
31-Jan-2013,6045.65,6058.05,6025.15,6034.75,168516750,8753.14
01-Feb-2013,6040.95,6052.95,5983.2,5998.9,159271140,6189.27
04-Feb-2013,6025.2,6038.5,5981.25,5987.25,141741868,6166.05
05-Feb-2013,5948.2,5970.35,5946.9,5956.9,136227506,5332.28
06-Feb-2013,5988.05,5990.9,5953.15,5959.2,157815926,5865.83
07-Feb-2013,5936.45,5978.5,5927.6,5938.8,157647191,5555.4
08-Feb-2013,5929.1,5953.7,5883.65,5903.5,192607376,6761.75
11-Feb-2013,5920.05,5924.15,5879.1,5897.85,121958667,5506.43
12-Feb-2013,5894.35,5927.65,5886.45,5922.5,142844560,4844.11
13-Feb-2013,5943.15,5969.5,5922.95,5932.95,142636632,5714.83
14-Feb-2013,5933.2,5940.2,5884.55,5896.95,143830565,7125.55
15-Feb-2013,5869.95,5899.95,5853.9,5887.4,125091945,5187.91
18-Feb-2013,5888.65,5911,5878.45,5898.2,114284193,4187.19
19-Feb-2013,5900.2,5947.55,5883.15,5939.7,100984778,3743.8
20-Feb-2013,5966.3,5971,5937.55,5943.05,135354164,5330.7
21-Feb-2013,5909.65,5921.15,5844.4,5852.25,159401234,6407.29
22-Feb-2013,5837.95,5873.8,5835.8,5850.3,157046865,5487.58
25-Feb-2013,5870.55,5878.4,5825,5854.75,125128736,4851.54
26-Feb-2013,5838.3,5838.85,5748.6,5761.35,157360222,5842.04
27-Feb-2013,5784.9,5818.2,5749.7,5796.9,175165933,6202.31
28-Feb-2013,5834.35,5849.9,5671.9,5693.05,334852895,12964.2
01-Mar-2013,5702.45,5739.45,5679.9,5719.7,174517984,6877.59
04-Mar-2013,5704.7,5712,5663.6,5698.5,144887325,5778.72
05-Mar-2013,5722.45,5790.1,5722.4,5784.25,154406134,6321.31
06-Mar-2013,5816.4,5828.7,5795.05,5818.6,156901392,6244.47
07-Mar-2013,5801.3,5878,5801.3,5863.3,134679762,5676.89
08-Mar-2013,5883.65,5952.85,5883,5945.7,150781148,6214.19
11-Mar-2013,5946.1,5971.2,5930.35,5942.35,125384918,5688.38
12-Mar-2013,5944.6,5952,5893.65,5914.1,115944389,5098.38
13-Mar-2013,5884.8,5893.85,5842.25,5851.2,116710808,4950.09
14-Mar-2013,5845.95,5920.15,5791.75,5908.95,149008437,7204.09
15-Mar-2013,5914.9,5945.65,5861,5872.6,152156666,6984.19
18-Mar-2013,5816.75,5850.2,5814.35,5835.25,102663402,4690.01
19-Mar-2013,5859.5,5863.6,5724.3,5745.95,182311867,8255.03
20-Mar-2013,5740.55,5745.3,5682.3,5694.4,187624850,7103.68
21-Mar-2013,5705.9,5757.75,5647.95,5658.75,179177573,7053.93
22-Mar-2013,5659.8,5691.45,5631.8,5651.35,165293291,5909.38
25-Mar-2013,5707.3,5718.4,5624.4,5633.85,150388821,5683.44
26-Mar-2013,5613.75,5655.3,5612.05,5641.6,126500524,4939.19
28-Mar-2013,5647.75,5692.95,5604.85,5682.55,209658945,8372.35
01-Apr-2013,5697.35,5720.95,5675.9,5704.4,97779717,3683.38
02-Apr-2013,5701.7,5754.6,5687.15,5748.1,106423845,4262.15
03-Apr-2013,5740.2,5744.95,5650.1,5672.9,140713330,5313.95
04-Apr-2013,5640.65,5644.45,5565.65,5574.75,134586976,5000.44
05-Apr-2013,5568.1,5577.3,5534.7,5553.25,137461477,5281.57
08-Apr-2013,5550.5,5569.2,5537.05,5542.95,97021471,3673.21
09-Apr-2013,5568.75,5603.05,5487,5495.1,138184712,5485.91
10-Apr-2013,5536.25,5569.25,5477.2,5558.7,128558760,5387.08
11-Apr-2013,5601.65,5610.65,5542.85,5594,146828501,6469.38
12-Apr-2013,5520.7,5544.5,5494.9,5528.55,127323273,7447.27
15-Apr-2013,5508.5,5592.85,5500.3,5568.4,142918219,7133.92
16-Apr-2013,5562.45,5699.25,5555.85,5688.95,142679244,5943.06
17-Apr-2013,5708.65,5732.15,5669,5688.7,154575403,7304.1
18-Apr-2013,5682.7,5794.35,5681.85,5783.1,149883469,6588.7
22-Apr-2013,5789.85,5844.85,5789.8,5834.4,135095797,6073.25
23-Apr-2013,5843.1,5844.3,5791.55,5836.9,132218357,5366.87
25-Apr-2013,5856.1,5924.6,5853.3,5916.3,199597725,9211.66
26-Apr-2013,5899.75,5907.05,5860.5,5871.45,141311877,6840.01
29-Apr-2013,5877.6,5918.65,5868.8,5904.1,118882089,5364.86
30-Apr-2013,5932.6,5962.3,5867.8,5930.2,153186197,6699.02
02-May-2013,5911.4,6019.45,5910.95,5999.35,162376438,7277.43
03-May-2013,5993.5,6000.3,5930.15,5944,145754275,6590.91
06-May-2013,5944.9,5976.5,5928.45,5971.05,110166713,4612.49
07-May-2013,5983.45,6050.5,5982.95,6043.55,136372981,5572.16
08-May-2013,6064.15,6083.55,6024.95,6069.3,122278698,5159.97
09-May-2013,6078.35,6084.7,6040.45,6050.15,109997276,5164.76
10-May-2013,6046.25,6105.3,6045.6,6094.75,111351573,5162.22
11-May-2013,6088.2,6114.55,6084.15,6107.25,7991165,355.74
13-May-2013,6098.2,6104.95,5972.9,5980.45,107948706,4633.05
14-May-2013,5989.7,6026.2,5970.05,5995.4,119265483,4921.65
15-May-2013,6018.85,6157.1,6018.85,6146.75,153892843,7240.73
16-May-2013,6128.25,6187.3,6128.25,6169.9,158635506,6733.31
17-May-2013,6172.95,6199.95,6146.15,6187.3,147280254,5870.44
20-May-2013,6198,6229.45,6146.05,6156.9,122252978,5589.97
21-May-2013,6152.35,6180.25,6102.35,6114.1,130589228,5122.71
22-May-2013,6127.05,6147.6,6074.45,6094.5,133763685,5837.19
23-May-2013,6050.4,6081.45,5955.7,5967.05,198930489,8230.1
24-May-2013,6010.7,6015.3,5936.8,5983.55,161622562,6193
27-May-2013,5989.4,6099.9,5975.55,6083.15,115115365,4961.15
28-May-2013,6086.35,6127.65,6055.4,6111.25,139668916,5481.14
29-May-2013,6120.45,6125.05,6069.8,6104.3,120205054,5135.8
30-May-2013,6072.15,6133.75,6072.15,6124.05,194092801,7794.82
31-May-2013,6098.7,6106.25,5975.55,5985.95,175311989,7223.11
03-Jun-2013,5997.35,6011,5916.35,5939.3,112123535,5702.24
04-Jun-2013,5941.1,5981.6,5910.25,5919.45,114450873,4990.51
05-Jun-2013,5908.3,5935.2,5883.7,5923.85,110223279,4691.39
06-Jun-2013,5895,5956.55,5869.5,5921.4,114174694,4961.54
07-Jun-2013,5900.05,5972.7,5871.3,5881,118346364,4888.65
10-Jun-2013,5907.9,5931.65,5857.4,5878,100130739,4304.75
11-Jun-2013,5848.75,5868.05,5780.35,5788.8,180902123,6695.57
12-Jun-2013,5771.75,5792.9,5738.6,5760.2,140394424,5894.04
13-Jun-2013,5709.35,5729.85,5683.1,5699.1,142041404,5462.45
14-Jun-2013,5748.95,5819.4,5739.4,5808.4,124410018,5121.33
17-Jun-2013,5820.4,5854.9,5770.25,5850.05,107160887,4560.84
18-Jun-2013,5841.9,5863.4,5804.3,5813.6,117541145,4591.91
19-Jun-2013,5805.75,5828.4,5777.9,5822.25,115539008,4643.17
20-Jun-2013,5754.15,5755,5645.65,5655.9,198400131,7148
21-Jun-2013,5639.9,5686.15,5616.85,5667.65,182410583,6697.18
24-Jun-2013,5638.05,5640,5566.25,5590.25,193488581,6308.88
25-Jun-2013,5606.95,5666.25,5570.25,5609.1,196571543,6792.49
26-Jun-2013,5627.95,5635.25,5579.35,5588.7,160095940,5939.3
27-Jun-2013,5647.95,5699.35,5630.95,5682.35,239029425,9184.29
28-Jun-2013,5749.5,5852.95,5749.5,5842.2,214402430,8753.33
01-Jul-2013,5834.1,5904.35,5822.2,5898.85,144794030,5405.72
02-Jul-2013,5885.5,5898.8,5852.3,5857.55,145721790,5163.09
03-Jul-2013,5811.95,5815,5760.4,5770.9,160523863,5219.24
04-Jul-2013,5794.75,5848.2,5786.05,5836.95,151929179,5429.87
05-Jul-2013,5889.95,5900.45,5858.45,5867.9,123586417,4303.93
08-Jul-2013,5833.15,5833.85,5775.55,5811.55,127624733,4823.52
09-Jul-2013,5834.6,5864.95,5834.6,5859,110427867,4661.55
10-Jul-2013,5869.9,5879.35,5802.85,5816.7,117516350,4820.53
11-Jul-2013,5894.5,5948.85,5887.95,5935.1,120195681,4882.29
12-Jul-2013,6000.5,6019,5951.15,6009,127707078,6591.27
15-Jul-2013,5991.2,6038.2,5980.95,6030.8,116275729,4641.97
16-Jul-2013,5930.8,5966.05,5910.95,5955.25,151162819,5915.8
17-Jul-2013,5972.25,5989.8,5926.75,5973.3,191516153,8349.59
18-Jul-2013,5984.7,6051.1,5974.55,6038.05,171728134,7774.83
19-Jul-2013,6057.2,6066.85,6020.25,6029.2,163311714,7987.75
22-Jul-2013,6009.75,6064.15,6004.25,6031.8,115168337,5117.19
23-Jul-2013,6064.3,6093.35,6061.3,6077.8,126469251,5459.62
24-Jul-2013,6032.2,6047.25,5962.6,5990.5,151931749,6413.64
25-Jul-2013,5970.4,5990.65,5896.4,5907.5,237081135,8762.77
26-Jul-2013,5937.95,5944.5,5869.5,5886.2,174535664,6419.86
29-Jul-2013,5869.95,5886,5825.8,5831.65,173430612,4812.3
30-Jul-2013,5836.05,5861.3,5747.6,5755.05,181489174,6006.91
31-Jul-2013,5738.35,5752.1,5675.75,5742,235469131,8717.16
01-Aug-2013,5776.9,5808.5,5676.85,5727.85,216762208,7164.04
02-Aug-2013,5750.05,5761.85,5649,5677.9,222494469,6350.26
05-Aug-2013,5682.4,5721,5661.5,5685.4,197167952,5575.21
06-Aug-2013,5664.9,5664.9,5521.8,5542.25,216227972,6424.42
07-Aug-2013,5549.3,5561.45,5486.85,5519.1,245010773,7725.23
08-Aug-2013,5510.05,5577.6,5510.05,5565.65,204918722,6968.85
12-Aug-2013,5606.7,5644.1,5557.1,5612.4,195708484,7063.92
13-Aug-2013,5600.25,5704.75,5578.9,5699.3,222997337,7073.34
14-Aug-2013,5715.4,5754.55,5690.2,5742.3,223656483,6970.2
16-Aug-2013,5705.45,5716.6,5496.05,5507.85,248094094,8807.27
19-Aug-2013,5497.55,5499.65,5360.65,5414.75,219672819,6713.03
20-Aug-2013,5353.45,5417.8,5306.35,5401.45,261052792,7982.22
21-Aug-2013,5494.45,5504.1,5268.45,5302.55,255004311,8509.29
22-Aug-2013,5282.8,5418.95,5254.05,5408.45,284468531,9075.86
23-Aug-2013,5428.75,5478.8,5377.8,5471.75,251511910,7763.2
26-Aug-2013,5499.4,5528.7,5454.45,5476.5,241996358,6465.02
27-Aug-2013,5426.5,5427.4,5274.25,5287.45,306037010,8236.84
28-Aug-2013,5233.45,5317.7,5118.85,5285,335993745,10705.51
29-Aug-2013,5316.5,5428.9,5303,5409.05,326499273,10580.48
30-Aug-2013,5407.45,5493.3,5360.2,5471.8,336401705,11431.52
02-Sep-2013,5480.25,5564.9,5478.85,5550.75,214232444,6135.94
03-Sep-2013,5574.7,5580.95,5323.75,5341.45,250298844,7304.81
04-Sep-2013,5358.65,5460.25,5318.9,5448.1,237230494,7252.61
05-Sep-2013,5553.75,5625.75,5552.7,5592.95,274937515,9484.19
06-Sep-2013,5617.45,5688.6,5566.15,5680.4,253030740,8821.54
10-Sep-2013,5738.5,5904.85,5738.2,5896.75,275244175,10307.97
11-Sep-2013,5887.25,5924.35,5832.7,5913.15,265006808,7980.51
12-Sep-2013,5931.15,5932,5815.8,5850.7,272987246,7667.76
13-Sep-2013,5828,5884.3,5822.9,5850.6,190768447,6403.37
16-Sep-2013,5930.3,5957.25,5798.15,5840.55,219455842,7819.05
17-Sep-2013,5824.2,5857.8,5804.9,5850.2,157938740,5550.64
18-Sep-2013,5872.75,5916.9,5840.2,5899.45,153585493,5369.63
19-Sep-2013,6044.15,6142.5,6040.15,6115.55,287191701,11291.28
20-Sep-2013,6104.55,6130.95,5932.85,6012.1,318645265,11587.18
23-Sep-2013,5945.8,5989.4,5871.4,5889.75,188322506,6596.17
24-Sep-2013,5855,5938.4,5854.55,5892.45,187578148,7002.84
25-Sep-2013,5901.55,5910.55,5811.1,5873.85,200162195,6988.96
26-Sep-2013,5872.8,5917.65,5864.1,5882.25,220589737,7761.99
27-Sep-2013,5905.55,5909.2,5819.3,5833.2,163067913,5303.31
30-Sep-2013,5801.05,5810.2,5718.5,5735.3,155674706,5642.77
01-Oct-2013,5756.1,5786.45,5700.95,5780.05,159247089,5075.7
03-Oct-2013,5819.1,5917.6,5802.7,5909.7,199793235,7481.97
04-Oct-2013,5891.3,5950.45,5885,5907.3,191469248,6052.47
07-Oct-2013,5889.05,5912,5825.85,5906.15,156387945,5348.49
08-Oct-2013,5975,5981.7,5913,5928.4,158527593,5950.47
09-Oct-2013,5893.25,6015.5,5877.1,6007.45,192037125,6904.96
10-Oct-2013,6001.05,6033.95,5979.8,6020.95,159607329,6163.68
11-Oct-2013,6104.85,6107.6,6046.4,6096.2,180834257,8283.09
14-Oct-2013,6093,6124.1,6082.9,6112.7,142173640,5989.37
15-Oct-2013,6147.55,6156.3,6056.55,6089.05,218304334,6745.02
17-Oct-2013,6098.5,6110.75,6032.55,6045.85,230561463,8158.31
18-Oct-2013,6070.9,6201.45,6070.9,6189.35,250339955,8353.23
21-Oct-2013,6202,6218.95,6163.3,6204.95,196989071,7341.25
22-Oct-2013,6192.3,6220.1,6181.8,6202.8,161943721,5850.72
23-Oct-2013,6209.55,6217.95,6116.6,6178.35,188285223,6921.65
24-Oct-2013,6162.8,6252.45,6142.95,6164.35,176235553,6737.2
25-Oct-2013,6154,6174.75,6125.95,6144.9,144531462,5582.82
28-Oct-2013,6155.1,6168.75,6094.1,6101.1,146340691,5282.79
29-Oct-2013,6107.55,6228.05,6079.2,6220.9,197348371,7572.87
30-Oct-2013,6230.8,6269.2,6222.6,6251.7,177583848,6861.84
31-Oct-2013,6237.15,6309.05,6235.9,6299.15,239607127,9560.54
01-Nov-2013,6289.75,6332.6,6286.95,6307.2,191639789,7371.92
03-Nov-2013,6332.05,6342.95,6311.15,6317.35,23856924,858.24
05-Nov-2013,6282.15,6304.75,6244.3,6253.15,181053761,6598.06
06-Nov-2013,6260.55,6269.7,6208.7,6215.15,157080263,5461.18
07-Nov-2013,6228.9,6288.95,6180.8,6187.25,168832431,6274.13
08-Nov-2013,6170.15,6185.15,6120.95,6140.75,150051986,5977.34
11-Nov-2013,6110.4,6141.65,6067.75,6078.8,146060450,5678.81
12-Nov-2013,6087.25,6108.7,6011.75,6018.05,153812590,5646.24
13-Nov-2013,5998.85,6042.25,5972.45,5989.6,162538228,6738.41
14-Nov-2013,6037,6101.65,6036.65,6056.15,154913925,5872.61
18-Nov-2013,6111.05,6196.8,6110.4,6189,163991212,6279.02
19-Nov-2013,6197.25,6212.4,6180.2,6203.35,161514064,6020.17
20-Nov-2013,6186.85,6204.35,6106.95,6122.9,155794838,5493.72
21-Nov-2013,6096.5,6097.35,5985.4,5999.05,137232011,5457.87
22-Nov-2013,6027.35,6049.6,5972.8,5995.45,134755917,4804.74
25-Nov-2013,6035.95,6123.5,6035.95,6115.35,127195086,5113.81
26-Nov-2013,6099.25,6112.7,6047.75,6059.1,150661397,5975.26
27-Nov-2013,6062.7,6074,6030.3,6057.1,124875896,4780.5
28-Nov-2013,6092,6112.95,6068.3,6091.85,195315802,6589.55
29-Nov-2013,6103.9,6182.5,6103.8,6176.1,190711115,5487.36
02-Dec-2013,6171.15,6228.7,6171.15,6217.85,145948276,5294.15
03-Dec-2013,6204.25,6225.4,6191.4,6201.85,156852586,5474.29
04-Dec-2013,6187.95,6209.15,6149.9,6160.95,186169067,5561.95
05-Dec-2013,6262.45,6300.55,6232,6241.1,186060466,7519.34
06-Dec-2013,6234.4,6275.35,6230.75,6259.9,158539890,5692.11
09-Dec-2013,6415,6415.25,6345,6363.9,198285630,8117.57
10-Dec-2013,6354.7,6362.25,6307.55,6332.85,242412856,8646.17
11-Dec-2013,6307.2,6326.6,6280.25,6307.9,148196394,5672.66
12-Dec-2013,6276.75,6286.85,6230.55,6237.05,148533899,5175.39
13-Dec-2013,6201.3,6208.6,6161.4,6168.4,169650657,6403.01
16-Dec-2013,6168.35,6183.25,6146.05,6154.7,146451539,5445.51
17-Dec-2013,6178.2,6190.55,6133,6139.05,154174701,5676.19
18-Dec-2013,6129.95,6236,6129.95,6217.15,243250558,7498.21
19-Dec-2013,6253.9,6263.75,6150.7,6166.65,437039204,9005.49
20-Dec-2013,6179.95,6284.5,6170.35,6274.25,171969981,6359.37
23-Dec-2013,6267.2,6317.5,6266.95,6284.5,131187586,4746.66
24-Dec-2013,6296.45,6301.5,6262,6268.4,107642909,3780.9
26-Dec-2013,6270.1,6302.75,6259.45,6278.9,182310258,6457.23
27-Dec-2013,6292.8,6324.9,6289.4,6313.8,96867388,3797.25
30-Dec-2013,6336.4,6344.05,6273.15,6291.1,101271820,3977.23
31-Dec-2013,6307.35,6317.3,6287.3,6304,103439312,3032.11
01-Jan-2014,6323.8,6327.2,6298.25,6301.65,69567668,2015.36
02-Jan-2014,6301.25,6358.3,6211.3,6221.15,158132556,5249.79
03-Jan-2014,6194.55,6221.7,6171.25,6211.15,139043889,5369.42
06-Jan-2014,6220.85,6224.7,6170.25,6191.45,118344976,4722.67
07-Jan-2014,6203.9,6221.5,6144.75,6162.25,138559000,5696.6
08-Jan-2014,6178.05,6192.1,6160.35,6174.6,146912639,5816.54
09-Jan-2014,6181.7,6188.05,6148.25,6168.35,150064466,5908.02
10-Jan-2014,6178.85,6239.1,6139.6,6171.45,159920407,7347.29
13-Jan-2014,6189.55,6288.2,6189.55,6272.75,135009945,5984.02
14-Jan-2014,6260.25,6280.35,6234.15,6241.85,110231153,4703.01
15-Jan-2014,6265.95,6325.2,6265.3,6320.9,145922867,6422.97
16-Jan-2014,6341.35,6346.5,6299.85,6318.9,153420441,6758.63
17-Jan-2014,6306.25,6327.1,6246.35,6261.65,167719501,7895.92
20-Jan-2014,6261.75,6307.45,6243.35,6303.95,122136071,5499.51
21-Jan-2014,6320.15,6330.3,6297.9,6313.8,141728380,5831.26
22-Jan-2014,6309.05,6349.95,6287.45,6338.95,137490525,5635.92
23-Jan-2014,6325.95,6355.6,6316.4,6345.65,120054602,5278.88
24-Jan-2014,6301.65,6331.45,6263.9,6266.75,160270856,6209.06
27-Jan-2014,6186.3,6188.55,6130.25,6135.85,190442601,7091.1
28-Jan-2014,6131.85,6163.6,6085.95,6126.25,184111740,7710.08
29-Jan-2014,6161,6170.45,6109.8,6120.25,146733030,6487.39
30-Jan-2014,6067,6082.85,6027.25,6073.7,208061426,7694.04
31-Jan-2014,6082.75,6097.85,6067.35,6089.5,146713083,5407.1
03-Feb-2014,6058.8,6074.85,5994.45,6001.8,134893587,4635.69
04-Feb-2014,5947.6,6017.8,5933.3,6000.9,183252654,6075.02
05-Feb-2014,6004.25,6028.05,5962.05,6022.4,166627311,5572.13
06-Feb-2014,6028.35,6048.35,5965.4,6036.3,185503324,6291.97
07-Feb-2014,6077.65,6079.95,6030.9,6063.2,181932292,5591.39
10-Feb-2014,6072.8,6083.05,6046.4,6053.45,133070328,4762.89
11-Feb-2014,6072.45,6081.85,6053.25,6062.7,150520900,5268.8
12-Feb-2014,6085.35,6106.6,6077.4,6084,138547391,5351.08
13-Feb-2014,6087.55,6094.4,5991.1,6001.1,153652371,5037.18
14-Feb-2014,6023.75,6056.4,5984.6,6048.35,140204479,5539.7
17-Feb-2014,6057.1,6080.65,6038.3,6073.3,108492457,4455.65
18-Feb-2014,6071.3,6141.7,6066.8,6127.1,126639146,4592.38
19-Feb-2014,6132.05,6160.35,6125.75,6152.75,95248833,3735.52
20-Feb-2014,6127.15,6129.1,6086.45,6091.45,132108928,4344.77
21-Feb-2014,6108.3,6159.65,6108,6155.45,112596128,4001.93
24-Feb-2014,6140.95,6191.85,6130.8,6186.1,144877047,4424.81
25-Feb-2014,6205.7,6216.85,6176.6,6200.05,146259298,4782.95
26-Feb-2014,6202.45,6245.95,6202.1,6238.8,181663811,6641.33
28-Feb-2014,6228.45,6282.7,6228.1,6276.95,209914263,7869.42
03-Mar-2014,6264.35,6277.75,6212.25,6221.45,144562338,5040.12
04-Mar-2014,6216.75,6302.15,6215.7,6297.95,166818924,5550.29
05-Mar-2014,6328.45,6336.25,6287.8,6328.65,160300066,5754.58
06-Mar-2014,6344.75,6406.6,6339.7,6401.15,180731810,5844.96
07-Mar-2014,6413.95,6537.8,6413.55,6526.65,284922346,11368.15
10-Mar-2014,6491.7,6562.2,6487.35,6537.25,242143703,9992.74
11-Mar-2014,6537.35,6562.85,6494.25,6511.9,238994883,8268.67
12-Mar-2014,6497.5,6546.15,6487.3,6516.9,174977068,6176.54
13-Mar-2014,6491.75,6561.45,6476.65,6493.1,167858387,8356.1
14-Mar-2014,6447.25,6518.45,6432.7,6504.2,177336088,7114.55
18-Mar-2014,6532.45,6574.95,6497.65,6516.65,179308616,7268.52
19-Mar-2014,6530,6541.2,6506,6524.05,172464722,7666.24
20-Mar-2014,6508.35,6523.65,6473.25,6483.1,141984189,6280.76
21-Mar-2014,6515.2,6522.9,6485.7,6493.2,189854420,8841.94
22-Mar-2014,6497.8,6502.65,6481.35,6494.9,9774392,373.66
24-Mar-2014,6510.5,6591.5,6510.5,6583.5,158395722,6633.77
25-Mar-2014,6550.1,6595.55,6544.85,6589.75,168125064,6475.61
26-Mar-2014,6615.65,6627.45,6580.6,6601.4,186570474,7046.34
27-Mar-2014,6613.1,6673.95,6599.5,6641.75,312383468,12924.37
28-Mar-2014,6673.05,6702.6,6643.8,6695.9,134114378,6862.55
31-Mar-2014,6723.15,6730.05,6662.4,6704.2,177579421,7743.3
01-Apr-2014,6729.5,6732.25,6675.45,6721.05,147136671,7174.14
02-Apr-2014,6757.6,6763.5,6723.6,6752.55,173335875,8007.75
03-Apr-2014,6772.05,6776.75,6696.9,6736.1,197546648,7738.58
04-Apr-2014,6741.85,6741.85,6685.15,6694.35,155127592,6676.88
07-Apr-2014,6694.25,6725.15,6650.4,6695.05,133947319,6707.01
09-Apr-2014,6722,6808.7,6705.1,6796.2,169794626,8892.66
10-Apr-2014,6803.05,6819.05,6777.3,6796.4,191125947,9079.6
11-Apr-2014,6758.35,6789.35,6743.15,6776.3,140734579,7463.19
15-Apr-2014,6792.7,6813.4,6711.75,6733.1,123197822,7100.26
16-Apr-2014,6727.25,6748.65,6665.15,6675.3,119768833,6168.64
17-Apr-2014,6695.45,6783.05,6684.4,6779.4,131488368,6952.58
21-Apr-2014,6789.25,6825.45,6786.9,6817.65,111840313,5711.98
22-Apr-2014,6822.9,6838,6806.25,6815.35,114693049,5636.78
23-Apr-2014,6823.25,6861.6,6820.75,6840.8,182972972,9247.25
25-Apr-2014,6855.8,6869.85,6772.85,6782.75,154320793,8021.33
28-Apr-2014,6778.55,6786.25,6750.3,6761.25,118162668,6297.18
29-Apr-2014,6769,6779.7,6708.65,6715.25,115511531,5459.34
30-Apr-2014,6724.95,6780.15,6656.8,6696.4,161106871,7066.78
02-May-2014,6709.95,6737.65,6689.5,6694.8,114275323,5030.42
05-May-2014,6681.65,6741.05,6680.45,6699.35,104989653,4881.32
06-May-2014,6719.25,6743.45,6701.9,6715.3,88291413,4168.72
07-May-2014,6708.6,6718.75,6642.9,6652.55,114099791,6513.29
08-May-2014,6669.9,6688.4,6638.55,6659.85,101549745,5413.39
09-May-2014,6654.15,6871.35,6652.15,6858.8,166442779,8027.14
12-May-2014,6863.4,7020.05,6862.9,7014.25,157725090,8475.17
13-May-2014,7080,7172.35,7067.15,7108.75,232221733,10573.11
14-May-2014,7112,7142.25,7080.9,7108.75,177204155,9395.8
15-May-2014,7111.3,7152.55,7082.55,7123.15,186848485,8947.95
16-May-2014,7270.2,7563.5,7130.65,7203,393156741,21057.07
19-May-2014,7276.85,7291.1,7193.55,7263.55,316246557,15228.6
20-May-2014,7309.95,7353.65,7247.7,7275.5,255333095,11139.51
21-May-2014,7274.85,7287.15,7206.7,7252.9,203137825,9544.12
22-May-2014,7289.95,7319.55,7258.15,7276.4,240943899,10104.55
23-May-2014,7306.5,7381,7293.9,7367.1,259638086,12002.13
26-May-2014,7428.75,7504,7269.05,7359.05,273236339,13203.73
27-May-2014,7363.1,7372.95,7274.75,7318,168599276,7931.22
28-May-2014,7324.95,7344.75,7302.6,7329.65,175595609,8929.71
29-May-2014,7316.6,7325.4,7224.4,7235.65,241115398,13385.17
30-May-2014,7254.85,7272.5,7118.45,7229.95,312152571,13837.29
02-Jun-2014,7264.05,7368.6,7239.5,7362.5,169891181,7833.43
03-Jun-2014,7375.35,7424.95,7342.15,7415.85,234680218,10354.94
04-Jun-2014,7417.55,7433.3,7391.35,7402.25,204592241,8913.89
05-Jun-2014,7399.75,7484.7,7360.5,7474.1,250660653,11574.51
06-Jun-2014,7521.5,7592.7,7497.65,7583.4,248397596,12322.96
09-Jun-2014,7621.65,7673.7,7580.25,7654.6,231879926,10866.56
10-Jun-2014,7679.05,7683.2,7579.3,7656.4,188669182,9475.21
11-Jun-2014,7672.4,7700.05,7589.05,7626.85,186182446,10472.71
12-Jun-2014,7641.3,7658,7593.8,7649.9,148207144,8187.49
13-Jun-2014,7668.2,7678.5,7525.35,7542.1,174522339,11254.75
16-Jun-2014,7534.8,7548.6,7487.55,7533.55,155377979,8449.27
17-Jun-2014,7525.05,7637.6,7509.25,7631.7,157961787,8704.2
18-Jun-2014,7636.05,7663,7515.5,7558.2,165078941,8963.97
19-Jun-2014,7580.05,7606.45,7502.55,7540.7,148852437,8115.36
20-Jun-2014,7543.3,7560.55,7497.3,7511.45,124132217,6801.49
23-Jun-2014,7514,7534.8,7441.6,7493.35,127404790,6543.64
24-Jun-2014,7515.2,7593.35,7515.2,7580.2,137002483,7146.44
25-Jun-2014,7588.55,7589.25,7557.05,7569.25,114968325,6198.93
26-Jun-2014,7554.1,7570.2,7481.3,7493.2,171676960,9190.64
27-Jun-2014,7514.2,7538.75,7482.3,7508.8,126673395,6688.8
30-Jun-2014,7534.05,7623.65,7531.6,7611.35,152303166,7887.37
01-Jul-2014,7629,7649.5,7618.15,7634.7,139431498,6983.63
02-Jul-2014,7683.05,7732.4,7677.3,7725.15,136324329,7363.75
03-Jul-2014,7734.35,7754.65,7706.8,7714.8,133755275,7320.09
04-Jul-2014,7718.1,7758,7661.3,7751.6,113070488,5863.82
07-Jul-2014,7780.4,7792,7755.1,7787.15,173926355,8925.04
08-Jul-2014,7804.05,7808.85,7595.9,7623.2,180646306,9002.25
09-Jul-2014,7637.95,7650.1,7551.65,7585,168348843,8176.28
10-Jul-2014,7589.5,7731.05,7479.05,7567.75,258385778,11431.68
11-Jul-2014,7584.1,7625.85,7447.2,7459.6,187592951,8983.29
14-Jul-2014,7469,7478.45,7422.15,7454.15,135231220,6659.48
15-Jul-2014,7491.3,7534.9,7459.15,7526.65,122068670,6124.15
16-Jul-2014,7564.15,7640.1,7532.45,7624.4,167973291,8186.24
17-Jul-2014,7612.7,7655.65,7612.7,7640.45,141612002,6753.11
18-Jul-2014,7630.25,7685,7595.5,7663.9,134603073,6903.7
21-Jul-2014,7701.65,7722.1,7674,7684.2,105401279,5794.45
22-Jul-2014,7708.2,7773.85,7704.8,7767.85,120081148,6494.69
23-Jul-2014,7794.9,7809.2,7752.9,7795.75,122119113,7062.52
24-Jul-2014,7796.25,7835.65,7771.65,7830.6,117608370,6271.45
25-Jul-2014,7828.2,7840.95,7748.6,7790.45,153936037,7827.61
28-Jul-2014,7792.9,7799.9,7722.65,7748.7,116534670,6107.78
30-Jul-2014,7746.2,7798.7,7707.6,7791.4,178110084,10175.5
31-Jul-2014,7784.65,7791.85,7711.15,7721.3,208857257,11718.26
01-Aug-2014,7662.5,7716.7,7593.9,7602.6,181070405,9796.7
04-Aug-2014,7639.55,7694.8,7622.05,7683.65,137040004,7495.07
05-Aug-2014,7706.65,7752.45,7638.05,7746.55,128238762,6772.55
06-Aug-2014,7726.15,7740.95,7658.95,7672.05,116361342,6905.9
07-Aug-2014,7651.15,7708.95,7630.4,7649.25,116792296,6030.02
08-Aug-2014,7588.7,7592.45,7540.1,7568.55,118429659,6283.56
11-Aug-2014,7619.85,7635.55,7598.6,7625.95,106972573,5535.13
12-Aug-2014,7688.8,7735.75,7654.8,7727.05,120611660,6181.17
13-Aug-2014,7717.3,7757.1,7695.7,7739.55,154083920,8030.41
14-Aug-2014,7756.15,7796.7,7739.1,7791.7,127328105,6745.33
18-Aug-2014,7785.25,7880.5,7779.2,7874.25,126742201,6892.25
19-Aug-2014,7901,7918.55,7881.15,7897.5,140615189,7928.8
20-Aug-2014,7915.8,7922.7,7864.05,7875.3,117321408,6234.79
21-Aug-2014,7875.35,7919.65,7855.95,7891.1,115221672,7502.01
22-Aug-2014,7904.55,7929.05,7900.05,7913.2,104074858,7088.03
25-Aug-2014,7931.75,7968.25,7897.95,7906.3,118465594,6152.32
26-Aug-2014,7874.5,7915.45,7862.45,7904.75,142829732,6735.18
27-Aug-2014,7933.9,7946.85,7916.55,7936.05,119961224,6261.16
28-Aug-2014,7942.25,7967.8,7939.2,7954.35,189698796,10417.14
01-Sep-2014,7990.35,8035,7984,8027.7,139328061,6944.65
02-Sep-2014,8038.6,8101.95,8036.55,8083.05,134897503,7143.64
03-Sep-2014,8110.85,8141.9,8092.25,8114.6,150726992,8444.29
04-Sep-2014,8114.2,8114.8,8060.9,8095.95,141280504,6925.82
05-Sep-2014,8099.9,8122.7,8049.85,8086.85,125981094,6559.7
08-Sep-2014,8132.95,8180.2,8126.15,8173.9,120694390,6623.08
09-Sep-2014,8161.9,8174.55,8126.5,8152.95,104740540,5364.95
10-Sep-2014,8135.55,8135.75,8082.1,8094.1,107064326,5561.6
11-Sep-2014,8115.15,8127.95,8057.3,8085.7,122818159,6492.35
12-Sep-2014,8087.05,8114.3,8071.6,8105.5,111444349,6156.73
15-Sep-2014,8070.35,8077.3,8030,8042,96502556,5387.06
16-Sep-2014,8036.6,8044.9,7925.15,7932.9,127952551,6647.49
17-Sep-2014,7971.5,7990.65,7936.95,7975.5,123722390,6689.37
18-Sep-2014,7950.65,8120.85,7939.7,8114.75,116930309,6891.09
19-Sep-2014,8129.4,8160.9,8105.35,8121.45,161284509,8957.42
22-Sep-2014,8084.45,8159.9,8064.8,8146.3,105507265,5710.43
23-Sep-2014,8144.4,8159.75,8008.1,8017.55,140780912,7947.61
24-Sep-2014,8015.55,8042.05,7950.05,8002.4,182208501,7981.87
25-Sep-2014,8003.3,8019.3,7877.35,7911.85,231899016,11692.69
26-Sep-2014,7885.85,7993.3,7841.8,7968.85,147835866,8247.78
29-Sep-2014,7978.45,7991.75,7934.7,7958.9,97267975,5089.35
30-Sep-2014,7948.8,8030.9,7923.85,7964.8,141142071,7467.66
01-Oct-2014,7960.5,7977.5,7936.7,7945.55,112997913,5979.61
07-Oct-2014,7897.4,7943.05,7842.7,7852.4,148199508,7982.75
08-Oct-2014,7828.75,7869.9,7815.75,7842.7,135914083,7408.61
09-Oct-2014,7886.5,7972.35,7886.5,7960.55,123767811,6797.45
10-Oct-2014,7911,7924.05,7848.45,7859.95,142926893,8473.9
13-Oct-2014,7831,7901.15,7796,7884.25,118781369,6584.44
14-Oct-2014,7923.25,7928,7825.45,7864,225472732,7709
16-Oct-2014,7837.3,7893.9,7729.65,7748.2,213529479,9087.06
17-Oct-2014,7733.75,7819.2,7723.85,7779.7,177623196,9626.9
20-Oct-2014,7896.95,7905.95,7856.95,7879.4,176171562,8357.41
21-Oct-2014,7906.15,7936.6,7874.35,7927.75,163403385,8432.94
22-Oct-2014,7997.8,8005,7974.55,7995.9,151104463,7301.77
23-Oct-2014,8027.7,8031.75,8008.85,8014.55,19640498,915.37
27-Oct-2014,8064.35,8064.4,7985.65,7991.7,132824881,6511.8
28-Oct-2014,8002.4,8037.8,7995.05,8027.6,124058566,6993.84
29-Oct-2014,8077.05,8097.95,8052.25,8090.45,148313096,7406
30-Oct-2014,8085.2,8181.55,8085.2,8169.2,205666559,11023.46
31-Oct-2014,8200.8,8330.75,8198.05,8322.2,176165086,9450.53
03-Nov-2014,8348.15,8350.6,8297.65,8324.15,141090166,7439.54
05-Nov-2014,8351.25,8365.55,8323.5,8338.3,161614922,9021.74
07-Nov-2014,8331.85,8360.35,8290.25,8337,153433693,11379.2
10-Nov-2014,8337.8,8383.05,8304.45,8344.25,130749013,6932.28
11-Nov-2014,8354.1,8378.7,8321.85,8362.65,122010840,6559.73
12-Nov-2014,8378.9,8415.05,8370.5,8383.3,125243330,6535.31
13-Nov-2014,8405.25,8408,8320.35,8357.85,127361048,6511.91
14-Nov-2014,8360.7,8400.65,8346.8,8389.9,146768580,7849.19
17-Nov-2014,8378.4,8438.1,8349.1,8430.75,113879138,7270.5
18-Nov-2014,8441.25,8454.5,8407.25,8425.9,134678948,7323.18
19-Nov-2014,8440.65,8455.65,8360.5,8382.3,125399132,6997.58
20-Nov-2014,8406.5,8410.85,8353.15,8401.9,122775989,6218.34
21-Nov-2014,8408.2,8489.8,8398.6,8477.35,137015453,7889.99
24-Nov-2014,8490.95,8534.65,8490.8,8530.15,140657508,7180.3
25-Nov-2014,8530.8,8535.35,8429.45,8463.1,271914173,12210.62
26-Nov-2014,8450.3,8500.3,8438.65,8475.75,151922494,7123.76
27-Nov-2014,8477.8,8506.75,8456.35,8494.2,194298604,9556.05
28-Nov-2014,8516.8,8617,8516.25,8588.25,197214619,10053.47
01-Dec-2014,8605.1,8623,8545.15,8555.9,151990638,8565.14
02-Dec-2014,8535.45,8560.2,8504.65,8524.7,137386984,6753.13
03-Dec-2014,8528.7,8546.95,8508.35,8537.65,153199341,7664.86
04-Dec-2014,8582.4,8626.95,8526.4,8564.4,143477230,6687.99
05-Dec-2014,8584.25,8588.35,8523.9,8538.3,143345553,6452.4
08-Dec-2014,8538.65,8546.35,8432.25,8438.25,163819529,13929.39
09-Dec-2014,8439.3,8444.5,8330.5,8340.7,146266705,7115.31
10-Dec-2014,8318.05,8376.8,8317,8355.65,136656345,6738.18
11-Dec-2014,8338.85,8348.3,8272.4,8292.9,133862999,6718.85
12-Dec-2014,8302,8321.9,8216.3,8224.1,138080911,6894.03
15-Dec-2014,8160.75,8242.4,8152.5,8219.6,137140608,6720.94
16-Dec-2014,8172.6,8189.35,8052.6,8067.6,197337631,8920.29
17-Dec-2014,8041.2,8082,7961.35,8029.8,216216145,9966.02
18-Dec-2014,8138.9,8174.3,8084.9,8159.3,162112021,7352.6
19-Dec-2014,8230.45,8263.45,8208.6,8225.2,174796496,8246.76
22-Dec-2014,8255,8330.95,8228.2,8324,139159658,5745.04
23-Dec-2014,8324.6,8364.75,8252.85,8267,132190368,5629.52
24-Dec-2014,8272.05,8286.4,8155.25,8174.1,221905876,11229.76
26-Dec-2014,8204.8,8234.55,8147.95,8200.7,75528707,2995.12
29-Dec-2014,8214.7,8279.15,8214.7,8246.3,82086035,3340.07
30-Dec-2014,8260.3,8268.25,8220.55,8248.25,77695770,3460.46
31-Dec-2014,8243.9,8291,8243.75,8282.7,84532600,4221.32
01-Jan-2015,8272.8,8294.7,8248.75,8284,56560411,2321.88
02-Jan-2015,8288.7,8410.6,8288.7,8395.45,101887024,4715.72
05-Jan-2015,8407.95,8445.6,8363.9,8378.4,118160545,5525.52
06-Jan-2015,8325.3,8327.85,8111.35,8127.35,172799618,8089.19
07-Jan-2015,8118.65,8151.2,8065.45,8102.1,164075424,7464.33
08-Jan-2015,8191.4,8243.5,8167.3,8234.6,143802802,8147.4
09-Jan-2015,8285.45,8303.3,8190.8,8284.5,152612528,9305.95
12-Jan-2015,8291.35,8332.6,8245.6,8323,103153908,5437.76
13-Jan-2015,8346.15,8356.65,8267.9,8299.4,129561892,6499.2
14-Jan-2015,8307.25,8326.45,8236.65,8277.55,150621631,7020.91
15-Jan-2015,8424.5,8527.1,8380.55,8494.15,232138802,10725.62
16-Jan-2015,8504.05,8530.75,8452.25,8513.8,181365905,8690.54
19-Jan-2015,8550.05,8570.95,8531.5,8550.7,129346422,6292.59
20-Jan-2015,8575.1,8707.9,8574.5,8695.6,158713840,7838.19
21-Jan-2015,8719.65,8741.85,8689.6,8729.5,191651012,9735.99
22-Jan-2015,8745.85,8774.15,8727,8761.4,180912372,9025.95
23-Jan-2015,8827.95,8866.4,8795.4,8835.6,197124706,9716.57
27-Jan-2015,8871.35,8925.05,8825.45,8910.5,192010521,9988.36
28-Jan-2015,8902.75,8985.05,8874.05,8914.3,190805926,10313.46
29-Jan-2015,8901.5,8966.65,8861.25,8952.35,264245843,13427.54
30-Jan-2015,8996.6,8996.6,8775.1,8808.9,275587957,12385.18
02-Feb-2015,8802.5,8840.8,8751.1,8797.4,216556534,10430.34
03-Feb-2015,8823.15,8837.3,8726.65,8756.55,208672175,9888.1
04-Feb-2015,8789.15,8792.85,8704.4,8723.7,201252375,8707.82
05-Feb-2015,8733.1,8838.45,8683.65,8711.7,179008853,9126.1
06-Feb-2015,8696.85,8726.2,8645.55,8661.05,176554075,7912.1
09-Feb-2015,8584.4,8605.55,8516.35,8526.35,151329604,6863.17
10-Feb-2015,8478.1,8646.25,8470.5,8565.55,202294693,9965.76
11-Feb-2015,8603.3,8651.95,8593.65,8627.4,166560867,7602.46
12-Feb-2015,8676.95,8732.55,8599.25,8711.55,163681352,7669.87
13-Feb-2015,8741.5,8822.1,8729.65,8805.5,228807812,10248.41
16-Feb-2015,8831.4,8870.1,8793.4,8809.35,140637331,7047.32
18-Feb-2015,8811.55,8894.3,8808.9,8869.1,152152801,10153.74
19-Feb-2015,8883.05,8913.45,8794.45,8895.3,219867400,9794.26
20-Feb-2015,8895.5,8899.95,8816.3,8833.6,203714864,8193.56
23-Feb-2015,8856.85,8869,8736.1,8754.95,143932325,7171.05
24-Feb-2015,8772.9,8800.5,8726.75,8762.1,154368611,7413.31
25-Feb-2015,8801.9,8840.65,8751.4,8767.25,139406599,6986.78
26-Feb-2015,8779,8786.05,8669.45,8683.85,224185492,10531.16
27-Feb-2015,8729.5,8856.95,8717.45,8844.6,257226273,11924.49
28-Feb-2015,8913.05,8941.1,8751.35,8901.85,246453954,10064.41
02-Mar-2015,8953.85,8972.35,8885.45,8956.75,224772586,11525.5
03-Mar-2015,8962.85,9008.4,8925.55,8996.25,183251960,9033.61
04-Mar-2015,9109.15,9119.2,8893.95,8922.65,256060375,12130.98
05-Mar-2015,8929.4,8957.55,8849.35,8937.75,165081476,8250.55
09-Mar-2015,8891.15,8891.3,8740.45,8756.75,160332840,8132.43
10-Mar-2015,8769.75,8778,8677.35,8712.05,168916337,8402.33
11-Mar-2015,8728.75,8755.6,8682.35,8699.95,178053293,8259.67
12-Mar-2015,8740.65,8787.2,8732.9,8776,179337979,8184.46
13-Mar-2015,8844.05,8849.75,8631.75,8647.75,184665971,8121.26
16-Mar-2015,8656.75,8663.55,8612,8633.15,168438040,7559.94
17-Mar-2015,8689.1,8742.55,8630.8,8723.3,182504639,8086.26
18-Mar-2015,8742.9,8747.25,8664,8685.9,161153533,8227.5
19-Mar-2015,8749.45,8788.2,8614.65,8634.65,168628424,8460.35
20-Mar-2015,8627.9,8627.9,8553,8570.9,179982752,8484.23
23-Mar-2015,8591.55,8608.35,8540.55,8550.9,155425780,6195.45
24-Mar-2015,8537.05,8627.75,8535.85,8542.95,161465466,7913.26
25-Mar-2015,8568.9,8573.75,8516.55,8530.8,165952155,8200.05
26-Mar-2015,8474.95,8499.45,8325.35,8342.15,288758332,13667.31
27-Mar-2015,8396,8413.2,8269.15,8341.4,198979321,9528.86
30-Mar-2015,8390.95,8504.55,8380.75,8492.3,142061290,6713.2
31-Mar-2015,8527.6,8550.45,8454.15,8491,177059509,8108.36
01-Apr-2015,8483.7,8603.4,8464.75,8586.25,136312446,6863.03
06-Apr-2015,8615.8,8667.55,8573.75,8659.9,150877855,7633
07-Apr-2015,8684.45,8693.6,8586.85,8660.3,141765381,7287.01
08-Apr-2015,8698.95,8730.5,8679.8,8714.4,149617725,7889.65
09-Apr-2015,8756.2,8785.5,8682.45,8778.3,158192905,8391.19
10-Apr-2015,8774.35,8787.4,8733.6,8780.35,141464357,7119.96
13-Apr-2015,8801.75,8841.65,8762.1,8834,122833397,6242.71
15-Apr-2015,8844.75,8844.8,8722.4,8750.2,170458015,8908.26
16-Apr-2015,8757.05,8760,8645.65,8706.7,149337173,8268.33
17-Apr-2015,8698.05,8699.85,8596.7,8606,155474164,9134.37
20-Apr-2015,8618.8,8619.95,8422.75,8448.1,154492312,8930.38
21-Apr-2015,8416.1,8469.35,8352.7,8377.75,418959074,32873.45
22-Apr-2015,8400.4,8449.95,8284.7,8429.7,176926942,10002.48
23-Apr-2015,8478.2,8504.95,8361.85,8398.3,169840748,9801.34
24-Apr-2015,8405.7,8413.3,8273.35,8305.25,177843969,10984.24
27-Apr-2015,8330.55,8334.45,8202.35,8213.8,174706337,10143.36
28-Apr-2015,8215.55,8308,8185.15,8285.6,183754628,9560.13
29-Apr-2015,8274.8,8308.2,8219.2,8239.75,174958511,8571.95
30-Apr-2015,8224.5,8229.4,8144.75,8181.5,281696257,14755.35
04-May-2015,8230.05,8346,8220.45,8331.95,136913823,7856.18
05-May-2015,8338.4,8355.65,8280.6,8324.8,156019941,8138.54
06-May-2015,8316.6,8331.95,8083,8097,212509839,10894.12
07-May-2015,8077,8122.6,7997.15,8057.3,166563657,8443.96
08-May-2015,8131.5,8224.95,8123.45,8191.5,188776090,8961.33
11-May-2015,8243.2,8332.75,8224.65,8325.25,197882948,8396.12
12-May-2015,8326.15,8326.65,8115.3,8126.95,178753978,8779.53
13-May-2015,8181.55,8254.95,8089.8,8235.45,175015183,8391.93
14-May-2015,8232.45,8236.25,8137.3,8224.2,138964395,6763.72
15-May-2015,8240.3,8279.2,8212.2,8262.35,133838055,6463.64
18-May-2015,8284.95,8384.6,8271.95,8373.65,153340463,7459.18
19-May-2015,8356.2,8427.8,8335,8365.65,144642344,7266.52
20-May-2015,8392.65,8440.35,8391.45,8423.25,127388797,6151.44
21-May-2015,8434.5,8446.35,8382.5,8421,148189485,7641.6
22-May-2015,8432.5,8489.55,8420.6,8458.95,193080657,8261.69
25-May-2015,8438.15,8441.95,8364.15,8370.25,125051166,5555.29
26-May-2015,8377.1,8378.9,8320.05,8339.35,120428892,5908.3
27-May-2015,8302.75,8342.85,8277.95,8334.6,170583401,8131.59
28-May-2015,8345.7,8364.5,8270.15,8319,239549060,11449.91
29-May-2015,8327.1,8443.9,8305.7,8433.65,375232198,20736.2
01-Jun-2015,8417.25,8467.15,8405.4,8433.4,125990614,7254.01
02-Jun-2015,8442.8,8445.35,8226.05,8236.45,151337661,8083.17
03-Jun-2015,8232.45,8236.7,8094.15,8135.1,176661646,7920.26
04-Jun-2015,8155.15,8160.05,8056.75,8130.65,159470840,7560.49
05-Jun-2015,8119.15,8191,8100.15,8114.7,167055308,7588.4
08-Jun-2015,8124.35,8131,8030.55,8044.15,140075743,6230.61
09-Jun-2015,8026.5,8057.15,8005.15,8022.4,140217686,6442.05
10-Jun-2015,8024.15,8152.25,8023.8,8124.45,141030200,6790.27
11-Jun-2015,8157.3,8163.05,7958.25,7965.35,171348959,7868.44
12-Jun-2015,7959.85,7995.6,7940.3,7982.9,140839875,6737.25
15-Jun-2015,7986.6,8057.7,7944.85,8013.9,137116389,6129.12
16-Jun-2015,8004.2,8061.85,7952.35,8047.3,127809460,5923.8
17-Jun-2015,8084.2,8136.85,8048.95,8091.55,157205716,7878.66
18-Jun-2015,8113.7,8186.9,8101.8,8174.6,149266110,7767.77
19-Jun-2015,8201.15,8250.8,8195.65,8224.95,151575997,7722.05
22-Jun-2015,8259.3,8369.45,8257.4,8353.1,126542473,6163.02
23-Jun-2015,8377.45,8398.45,8334.95,8381.55,135844708,6437.33
24-Jun-2015,8399.4,8421.35,8338.9,8360.85,134062733,7175.22
25-Jun-2015,8336.25,8423.15,8329.5,8398,207421340,9911.16
26-Jun-2015,8393.95,8408.55,8339.7,8381.1,113959476,5848.78
29-Jun-2015,8247.05,8329.45,8195.65,8318.4,136106699,6604.12
30-Jun-2015,8316.35,8378,8298.95,8368.5,163366250,8425.52
01-Jul-2015,8376.25,8481.6,8370.15,8453.05,135887471,6938.05
02-Jul-2015,8471.95,8479.25,8433.2,8444.9,115472141,6065.26
03-Jul-2015,8440.1,8497.75,8424.15,8484.9,91142979,4983.21
06-Jul-2015,8386.15,8533.15,8386.15,8522.15,104578132,5517.86
07-Jul-2015,8525.5,8561.35,8483.85,8510.8,126038231,6054.41
08-Jul-2015,8439.2,8457.5,8341.4,8363.05,193886999,8876.81
09-Jul-2015,8364.85,8400.3,8323,8328.55,135358659,6610.4
10-Jul-2015,8365.7,8377.1,8315.4,8360.55,158883926,8128.47
13-Jul-2015,8397.25,8471.65,8355.4,8459.65,121380175,6506.28
14-Jul-2015,8470.6,8480.25,8424.1,8454.1,104893796,5454.41
15-Jul-2015,8463.4,8531.4,8462.95,8523.8,108835522,5805.53
16-Jul-2015,8546.15,8616.1,8542.9,8608.05,119637042,6544.15
17-Jul-2015,8623.65,8642.95,8593.15,8609.85,108190401,5713.13
20-Jul-2015,8623.9,8624.1,8559,8603.45,93439295,5107.62
21-Jul-2015,8601.5,8646.75,8517.9,8529.45,169151098,10699.52
22-Jul-2015,8512.25,8643.9,8498.65,8633.5,141018383,7427.34
23-Jul-2015,8643.95,8654.75,8573.8,8589.8,136962516,7747.81
24-Jul-2015,8588.15,8589.15,8513.5,8521.55,131344832,6942.22
27-Jul-2015,8492.1,8492.2,8351.55,8361,140828066,7353.09
28-Jul-2015,8371.1,8397.4,8321.75,8337,179983810,8403.15
29-Jul-2015,8365.6,8381.5,8338.45,8375.05,145399010,7232.34
30-Jul-2015,8417,8458.9,8408.3,8421.8,221939186,10007.3
31-Jul-2015,8456.1,8548.95,8448,8532.85,209629301,9522.19
03-Aug-2015,8510.65,8563.95,8508.1,8543.05,161485758,7738.1
04-Aug-2015,8564.1,8565.15,8448.25,8516.9,193226091,9003.82
05-Aug-2015,8547.45,8591.85,8545.85,8567.95,136948290,6434.82
06-Aug-2015,8585.8,8606.3,8551.5,8588.65,139116393,6595.25
07-Aug-2015,8580.8,8595.95,8552.7,8564.6,148073594,6528.28
10-Aug-2015,8577,8621.55,8497.8,8525.6,127194886,5780.49
11-Aug-2015,8548.45,8556.25,8441.3,8462.35,159192694,7049.29
12-Aug-2015,8445.7,8446.95,8337.95,8349.45,195904304,8630.35
13-Aug-2015,8384.45,8429.5,8339.75,8355.85,195079107,7840.58
14-Aug-2015,8402.35,8530.1,8381.2,8518.55,160680260,7090.58
17-Aug-2015,8530.5,8530.6,8428.05,8477.3,180083830,6543.01
18-Aug-2015,8505.85,8525.75,8433.6,8466.55,157991554,6501.24
19-Aug-2015,8468.05,8520.45,8425.95,8495.15,134512114,6338.67
20-Aug-2015,8471.05,8501.35,8359.75,8372.75,189841783,9193.19
21-Aug-2015,8305.4,8322.2,8225.05,8299.95,207542070,9606.33
24-Aug-2015,8055.95,8060.05,7769.4,7809,322096413,13856.66
25-Aug-2015,7895.4,7925.4,7667.25,7880.7,308255265,13420.76
26-Aug-2015,7865.25,7930.05,7777.1,7791.85,223261362,10207.56
27-Aug-2015,7921.6,7963.6,7862.3,7948.95,314422773,14282.73
28-Aug-2015,8053.7,8091.8,7961.65,8001.95,201572450,8641.87
31-Aug-2015,8009.25,8043.6,7947.95,7971.3,204254629,9547.7
01-Sep-2015,7907.95,7929.1,7746.5,7785.85,190581167,8633.26
02-Sep-2015,7856.65,7862.55,7699.25,7717,222003483,9794.29
03-Sep-2015,7774.45,7845.6,7754.05,7823,160609681,7060.37
04-Sep-2015,7803.4,7804.9,7626.85,7655.05,199569987,8200.69
07-Sep-2015,7685.85,7705.05,7545.9,7558.8,145763902,5768.15
08-Sep-2015,7587.7,7720.9,7539.5,7688.25,177514609,7380.17
09-Sep-2015,7805.85,7846.05,7764.55,7818.6,214842731,8550.1
10-Sep-2015,7729.05,7819.85,7678.5,7788.1,165313439,6992.42
11-Sep-2015,7833.8,7864.85,7759.9,7789.3,140576943,6014.16
14-Sep-2015,7811.1,7879.95,7761.85,7872.25,126630775,5277.75
15-Sep-2015,7867.35,7880,7799.75,7829.1,140722007,6252.35
16-Sep-2015,7886.85,7913.9,7853.3,7899.15,144331414,6650.61
18-Sep-2015,7967.45,8055,7955.85,7981.9,249313429,11328.64
21-Sep-2015,7911.5,7987.9,7908.35,7977.1,125628591,5482.45
22-Sep-2015,8014.8,8021.6,7787.75,7812,173569429,7887.06
23-Sep-2015,7737.35,7882.9,7723.25,7845.95,151196367,6869.26
24-Sep-2015,7838.4,7894.5,7804.1,7868.5,208766516,9732.18
28-Sep-2015,7892.8,7893.95,7787.95,7795.7,140480206,7120.05
29-Sep-2015,7725.7,7926.55,7691.2,7843.3,248106979,11184.67
30-Sep-2015,7924.25,7957.7,7874.5,7948.9,217187896,9981.56
01-Oct-2015,7992.05,8008.25,7930.65,7950.9,161809883,8896.78
05-Oct-2015,8005.1,8128.9,8005.1,8119.3,188830270,9589.63
06-Oct-2015,8180.45,8180.95,8096.5,8152.9,184037905,8461.64
07-Oct-2015,8146.2,8188.9,8132.9,8177.4,199911165,7894.19
08-Oct-2015,8196.75,8196.75,8105.85,8129.35,177030502,7837.16
09-Oct-2015,8186.35,8232.2,8139.65,8189.7,205859184,7960.62
12-Oct-2015,8231.5,8244.5,8128.2,8143.6,205255913,7604.3
13-Oct-2015,8121.95,8150.25,8088.6,8131.7,150431773,6877.36
14-Oct-2015,8102.4,8139.3,8096.35,8107.9,143158108,6607.21
15-Oct-2015,8134.35,8190.55,8129.8,8179.5,172429864,7625.17
16-Oct-2015,8193.65,8246.4,8147.65,8238.15,161153559,6956.78
19-Oct-2015,8262.55,8283.05,8239.2,8275.05,128300205,6880.43
20-Oct-2015,8280.3,8294.05,8229.2,8261.65,159947752,7661.53
21-Oct-2015,8258.35,8294.4,8217.15,8251.7,149270047,6689.35
23-Oct-2015,8308.25,8328.1,8280.75,8295.45,156664310,7466.28
26-Oct-2015,8333.65,8336.3,8252.05,8260.55,138006303,6799.49
27-Oct-2015,8230.35,8241.95,8217.05,8232.9,161493491,8271.49
28-Oct-2015,8188.9,8209.1,8131.8,8171.2,194708669,9131.44
29-Oct-2015,8175.45,8179.6,8098,8111.75,224234135,10569.95
30-Oct-2015,8123.55,8146.1,8044.4,8065.8,205663493,9218.39
02-Nov-2015,8054.55,8060.7,7995.6,8050.8,140323983,6552.67
03-Nov-2015,8086.35,8100.35,8031.75,8060.7,136625382,5955.64
04-Nov-2015,8104.9,8116.1,8027.3,8040.2,125935846,5696.01
05-Nov-2015,8030.35,8031.2,7944.1,7955.45,136223827,6001.38
06-Nov-2015,7956.55,8002.65,7926.15,7954.3,226329409,8771.77
09-Nov-2015,7788.25,7937.75,7771.7,7915.2,218422388,9376.17
10-Nov-2015,7877.6,7885.1,7772.85,7783.35,170267413,7153.47
11-Nov-2015,7838.8,7847.95,7819.1,7825,22380435,1123.44
13-Nov-2015,7762.45,7775.1,7730.9,7762.25,165876819,7731.55
16-Nov-2015,7732.95,7838.85,7714.15,7806.6,154134885,6871.15
17-Nov-2015,7848.75,7860.45,7793,7837.55,149451211,6367.14
18-Nov-2015,7823.15,7843.4,7725.05,7731.8,148037721,6112.32
19-Nov-2015,7788.5,7854.9,7765.45,7842.75,136702518,7410.15
20-Nov-2015,7841.9,7906.95,7817.8,7856.55,156610433,7298.01
23-Nov-2015,7869.5,7877.5,7825.2,7849.25,130871603,6099.09
24-Nov-2015,7837,7870.35,7812.65,7831.6,134562905,6686.27
26-Nov-2015,7837.15,7897.1,7832,7883.8,226632193,11054.04
27-Nov-2015,7910.6,7959.3,7879.45,7942.7,154863047,7068.72
30-Nov-2015,7936.25,7966,7922.8,7935.25,223041699,15368.67
01-Dec-2015,7958.15,7972.15,7934.15,7954.9,142945421,6796.67
02-Dec-2015,7976.7,7979.3,7910.8,7931.35,130207404,6242.53
03-Dec-2015,7902.3,7912.3,7853.3,7864.15,129628400,5636.41
04-Dec-2015,7817.6,7821.4,7775.7,7781.9,157231681,7758.36
07-Dec-2015,7816.55,7825.4,7746.05,7765.4,141893279,6403.97
08-Dec-2015,7738.5,7771.25,7685.45,7701.7,139318392,5986.06
09-Dec-2015,7695.5,7702.85,7606.9,7612.5,144315690,6599.6
10-Dec-2015,7643.3,7691.95,7610,7683.3,145249292,6492.02
11-Dec-2015,7699.6,7703.05,7575.3,7610.45,172996480,6894.44
14-Dec-2015,7558.2,7663.95,7551.05,7650.05,153492615,6290.42
15-Dec-2015,7659.15,7705,7625.1,7700.9,138479057,6152.14
16-Dec-2015,7725.25,7776.6,7715.75,7750.9,159149338,6703.76
17-Dec-2015,7783.05,7852.9,7737.55,7844.35,181256780,7367.15
18-Dec-2015,7828.9,7836.15,7753.35,7761.95,197319843,8074.5
21-Dec-2015,7745.65,7840.75,7733.45,7834.45,130174102,5558.38
22-Dec-2015,7829.4,7846.3,7776.85,7786.1,129633328,5028.11
23-Dec-2015,7830.45,7871.45,7826.1,7865.95,121480721,4663.45
24-Dec-2015,7888.75,7888.75,7835.5,7861.05,96374245,3383.99
28-Dec-2015,7863.2,7937.2,7863,7925.15,126737811,5755.48
29-Dec-2015,7929.2,7942.15,7902.75,7928.95,116535971,4950.36
30-Dec-2015,7938.6,7944.75,7889.85,7896.25,110145855,4392.87
31-Dec-2015,7897.8,7955.55,7891.15,7946.35,155645098,6780.85
